"N","frequency","BWPD","HMAa","seed"
10,"equally abundant",0.952976,0.45037430235243,1001
10,"intermediate",0.917919245308528,0.419506018205908,1001
10,"extremely skewed",0.08818831604388,0.0361731600154517,1001
20,"equally abundant",0.943528,0.476139865449552,1001
20,"intermediate",0.938577187634733,0.472921969626047,1001
20,"extremely skewed",0.0975675841675977,0.0521432262393345,1001
30,"equally abundant",0.891563333333334,0.488182351158338,1001
30,"intermediate",0.889562294223754,0.483194577783017,1001
30,"extremely skewed",0.211375322720853,0.149986545853824,1001
40,"equally abundant",0.859011,0.477131748000438,1001
40,"intermediate",0.889767683916465,0.485748121558343,1001
40,"extremely skewed",0.222203515104637,0.126190525135661,1001
50,"equally abundant",0.840156,0.473423365212236,1001
50,"intermediate",0.823105014200814,0.46458625673358,1001
50,"extremely skewed",0.317874103551625,0.173661275085024,1001
60,"equally abundant",0.843321333333333,0.474601422237322,1001
60,"intermediate",0.856359962787914,0.477050740045107,1001
60,"extremely skewed",0.412442769947836,0.214810627442175,1001
70,"equally abundant",0.833539714285714,0.467662323846293,1001
70,"intermediate",0.829021475676917,0.465129558603697,1001
70,"extremely skewed",0.0385857366622166,0.0246174467544471,1001
80,"equally abundant",0.819227,0.471182720603007,1001
80,"intermediate",0.798120175229378,0.457970897782483,1001
80,"extremely skewed",0.036743629260155,0.0242352558775799,1001
100,"equally abundant",0.8176918,0.482822327890799,1001
100,"intermediate",0.811188727832936,0.4785069788952,1001
100,"extremely skewed",0.0455834803671194,0.0309832902627998,1001
120,"equally abundant",0.798854166666667,0.479371275704553,1001
120,"intermediate",0.787112512502252,0.476539073644841,1001
120,"extremely skewed",0.0399845340656954,0.0287654367594565,1001
150,"equally abundant",0.810758266666668,0.480659652823053,1001
150,"intermediate",0.811362856421394,0.475078633989946,1001
150,"extremely skewed",0.479623158326649,0.270553103989234,1001
180,"equally abundant",0.810562999999999,0.47953719496852,1001
180,"intermediate",0.807537900626725,0.478771529070305,1001
180,"extremely skewed",0.137590251984137,0.0845850976854406,1001
200,"equally abundant",0.8145067,0.480036772511453,1001
200,"intermediate",0.812738001296294,0.486497565824657,1001
200,"extremely skewed",0.605201879066162,0.343237560695867,1001
10,"equally abundant",0.81328,0.404309986333231,1002
10,"intermediate",0.874065179055357,0.380800004744151,1002
10,"extremely skewed",0.195509067346724,0.093049266267257,1002
20,"equally abundant",0.860597,0.437922619186681,1002
20,"intermediate",0.852420021518374,0.411524922926813,1002
20,"extremely skewed",0.346363576088321,0.0993504460657706,1002
30,"equally abundant",0.826579333333333,0.438703938987169,1002
30,"intermediate",0.796913210358244,0.427534789891235,1002
30,"extremely skewed",0.501276766343317,0.249879041739812,1002
40,"equally abundant",0.8041,0.453299657587501,1002
40,"intermediate",0.805688656438125,0.45742026350777,1002
40,"extremely skewed",0.392564590733124,0.173852946381435,1002
50,"equally abundant",0.813904,0.462928624039227,1002
50,"intermediate",0.819554728960932,0.471922348666091,1002
50,"extremely skewed",0.418951783744578,0.189631474557337,1002
60,"equally abundant",0.817618333333333,0.469898881049603,1002
60,"intermediate",0.825890232847872,0.478580648680419,1002
60,"extremely skewed",0.409055576410431,0.188249846978772,1002
70,"equally abundant",0.793200285714286,0.462613831657368,1002
70,"intermediate",0.792983046418882,0.458013715432158,1002
70,"extremely skewed",0.467081560726196,0.251403019288014,1002
80,"equally abundant",0.788172,0.457237445699117,1002
80,"intermediate",0.778305482059947,0.441257657401858,1002
80,"extremely skewed",0.458855141187968,0.236936936667469,1002
100,"equally abundant",0.7792864,0.455854824458415,1002
100,"intermediate",0.791873408015826,0.463779848699551,1002
100,"extremely skewed",0.408984677706317,0.225678616955871,1002
120,"equally abundant",0.779576833333333,0.471090267985527,1002
120,"intermediate",0.779056134339761,0.462031532203905,1002
120,"extremely skewed",0.402135917594609,0.236183001632949,1002
150,"equally abundant",0.788756800000001,0.471537641505899,1002
150,"intermediate",0.79502017942426,0.469448480118231,1002
150,"extremely skewed",0.690005099737349,0.350673061640978,1002
180,"equally abundant",0.791581555555555,0.470547110191433,1002
180,"intermediate",0.794043314182542,0.467157379050458,1002
180,"extremely skewed",0.579657458297981,0.330365329176544,1002
200,"equally abundant",0.7945186,0.471700197816478,1002
200,"intermediate",0.784994646368482,0.473363922199056,1002
200,"extremely skewed",0.524143764203317,0.316207775339746,1002
10,"equally abundant",0.730354,0.38938486026886,1003
10,"intermediate",0.678187356665939,0.368812889001447,1003
10,"extremely skewed",0.196731218799261,0.137866031878121,1003
20,"equally abundant",0.781689,0.458504073748275,1003
20,"intermediate",0.77124575283368,0.434224216221713,1003
20,"extremely skewed",0.339779545544454,0.201275728522078,1003
30,"equally abundant",0.794835333333333,0.471050164879755,1003
30,"intermediate",0.76119227614157,0.460322825300619,1003
30,"extremely skewed",0.0245072157503734,0.020322835580832,1003
40,"equally abundant",0.779954,0.460458089507377,1003
40,"intermediate",0.777406970095129,0.451433459259025,1003
40,"extremely skewed",0.0427922701120187,0.0318074629503481,1003
50,"equally abundant",0.7748956,0.475672682782661,1003
50,"intermediate",0.77669635374528,0.473411907632237,1003
50,"extremely skewed",0.441483091292925,0.280913657892642,1003
60,"equally abundant",0.773569333333333,0.489501197324678,1003
60,"intermediate",0.773396628412768,0.492166726548737,1003
60,"extremely skewed",0.502033151188003,0.293705296164265,1003
70,"equally abundant",0.788671714285714,0.500858906689076,1003
70,"intermediate",0.797239241065058,0.496991897840188,1003
70,"extremely skewed",0.611907417794245,0.354157674723718,1003
80,"equally abundant",0.783064,0.499956840993534,1003
80,"intermediate",0.768977288471407,0.49091686051251,1003
80,"extremely skewed",0.202386278613832,0.145194706998383,1003
100,"equally abundant",0.7954594,0.499836610291569,1003
100,"intermediate",0.808362206900274,0.494767628659082,1003
100,"extremely skewed",0.673050155699927,0.374329275108232,1003
120,"equally abundant",0.788768333333333,0.492749222187988,1003
120,"intermediate",0.790172146004644,0.489645396551361,1003
120,"extremely skewed",0.580797549015489,0.285491378628861,1003
150,"equally abundant",0.798687866666667,0.501687823531742,1003
150,"intermediate",0.807434413882155,0.501497202467298,1003
150,"extremely skewed",0.868407746472255,0.353685910359072,1003
180,"equally abundant",0.794026111111111,0.497748613301695,1003
180,"intermediate",0.796162136815752,0.49160415684344,1003
180,"extremely skewed",0.501347290952267,0.26422432789106,1003
200,"equally abundant",0.8014343,0.501333071166739,1003
200,"intermediate",0.80258548345052,0.496560391564069,1003
200,"extremely skewed",0.502219630764711,0.321696231537454,1003
10,"equally abundant",0.915348,0.525260160093463,1004
10,"intermediate",0.898019602400428,0.505816480288388,1004
10,"extremely skewed",0.182182651766247,0.102075658093379,1004
20,"equally abundant",0.854083,0.490538245205712,1004
20,"intermediate",0.851602249028287,0.463758778852315,1004
20,"extremely skewed",0.238369382530993,0.131972698367653,1004
30,"equally abundant",0.860325333333333,0.49651660356517,1004
30,"intermediate",0.853099368832825,0.487051708544815,1004
30,"extremely skewed",0.486324237348015,0.248387531048373,1004
40,"equally abundant",0.8430555,0.490914961549322,1004
40,"intermediate",0.813223343579918,0.488771320384763,1004
40,"extremely skewed",0.478426538278681,0.241471579201934,1004
50,"equally abundant",0.8600912,0.497222791429449,1004
50,"intermediate",0.879991908578969,0.494645615015885,1004
50,"extremely skewed",0.472402192532238,0.286325096804489,1004
60,"equally abundant",0.840057333333333,0.490808376457485,1004
60,"intermediate",0.880568518041622,0.531243405922263,1004
60,"extremely skewed",0.618513851539098,0.296354010579317,1004
70,"equally abundant",0.823949142857143,0.485061932324849,1004
70,"intermediate",0.805116577790993,0.481054454123964,1004
70,"extremely skewed",0.541400337637517,0.290954597159094,1004
80,"equally abundant",0.83269525,0.494491844641494,1004
80,"intermediate",0.818350386577345,0.485578643285828,1004
80,"extremely skewed",0.817308164311232,0.366827820947024,1004
100,"equally abundant",0.8306572,0.492946753219629,1004
100,"intermediate",0.824828010861312,0.490192230787435,1004
100,"extremely skewed",0.499491927601232,0.268921863652441,1004
120,"equally abundant",0.814580666666667,0.48812781387235,1004
120,"intermediate",0.805901092527214,0.483189371892392,1004
120,"extremely skewed",0.779954168856187,0.401903848682129,1004
150,"equally abundant",0.816232933333334,0.487801513327143,1004
150,"intermediate",0.801584854287507,0.478950783548303,1004
150,"extremely skewed",0.68614127860925,0.35125022801015,1004
180,"equally abundant",0.812214333333333,0.484895794786575,1004
180,"intermediate",0.808574323236636,0.48519651671101,1004
180,"extremely skewed",0.744190894569803,0.415050577112824,1004
200,"equally abundant",0.8034164,0.481742544367945,1004
200,"intermediate",0.80629792914112,0.478314423872272,1004
200,"extremely skewed",0.751638002791612,0.398515151332583,1004
10,"equally abundant",0.83957,0.397865901296848,1005
10,"intermediate",0.823194127053195,0.38406964826744,1005
10,"extremely skewed",0.166154022390151,0.0882164967564385,1005
20,"equally abundant",0.778838,0.458913326868006,1005
20,"intermediate",0.73655421508548,0.439472283662936,1005
20,"extremely skewed",0.00991327940165383,0.00669073720135085,1005
30,"equally abundant",0.79461,0.465831206169767,1005
30,"intermediate",0.760151682646468,0.476998870182027,1005
30,"extremely skewed",0.0698546763907404,0.0474429356829508,1005
40,"equally abundant",0.7970415,0.485335982770567,1005
40,"intermediate",0.791626339533386,0.494426540185196,1005
40,"extremely skewed",0.134686157173746,0.0730575717744609,1005
50,"equally abundant",0.7905576,0.494507039605366,1005
50,"intermediate",0.782183322948988,0.494817332857979,1005
50,"extremely skewed",0.0239817622125366,0.018217485372922,1005
60,"equally abundant",0.773593666666667,0.476002893021074,1005
60,"intermediate",0.765539212837166,0.469519644669752,1005
60,"extremely skewed",0.131929733856688,0.0883253518953953,1005
70,"equally abundant",0.778334571428571,0.472188235155585,1005
70,"intermediate",0.78375839270617,0.467296471140104,1005
70,"extremely skewed",0.145265699189476,0.0979906607330838,1005
80,"equally abundant",0.77487775,0.471525039078519,1005
80,"intermediate",0.785145220776159,0.48578998313341,1005
80,"extremely skewed",0.285780881587584,0.195615866495774,1005
100,"equally abundant",0.775585,0.468701720088327,1005
100,"intermediate",0.777551170816859,0.468761571253874,1005
100,"extremely skewed",0.416212249505509,0.249120059049656,1005
120,"equally abundant",0.764694833333333,0.472526449546757,1005
120,"intermediate",0.769410516786711,0.470019784647256,1005
120,"extremely skewed",0.364213260250782,0.196247371186089,1005
150,"equally abundant",0.776702133333334,0.475677778075711,1005
150,"intermediate",0.787234536011295,0.483103150597443,1005
150,"extremely skewed",0.691594349731089,0.326465576784954,1005
180,"equally abundant",0.768113333333333,0.469204486404017,1005
180,"intermediate",0.766907263733774,0.468435626333979,1005
180,"extremely skewed",0.559939705975891,0.288850184070405,1005
200,"equally abundant",0.7703088,0.467014336830929,1005
200,"intermediate",0.769462271197591,0.466868266547909,1005
200,"extremely skewed",0.568779977880629,0.310393270900135,1005
10,"equally abundant",0.868514,0.510458574856419,1006
10,"intermediate",0.807384512305891,0.369256615208678,1006
10,"extremely skewed",0.0185030010473217,0.0105848144891862,1006
20,"equally abundant",0.841295,0.484525845129094,1006
20,"intermediate",0.792228144747542,0.479174161582952,1006
20,"extremely skewed",0.444539644183618,0.228036672818466,1006
30,"equally abundant",0.849562666666667,0.505132169516437,1006
30,"intermediate",0.81230605297391,0.480303309451486,1006
30,"extremely skewed",0.445708781125469,0.176482947238565,1006
40,"equally abundant",0.8448895,0.50191993315374,1006
40,"intermediate",0.830954301893161,0.476055366634568,1006
40,"extremely skewed",0.626226465361329,0.304003025641373,1006
50,"equally abundant",0.8056172,0.495984012980553,1006
50,"intermediate",0.800666479134597,0.473742923594014,1006
50,"extremely skewed",0.495589682058862,0.279959367935212,1006
60,"equally abundant",0.804286333333333,0.505596633229922,1006
60,"intermediate",0.779713229066765,0.489284000630588,1006
60,"extremely skewed",0.454835503819613,0.24914367074428,1006
70,"equally abundant",0.819328,0.511827038496329,1006
70,"intermediate",0.827154598704555,0.486181272793143,1006
70,"extremely skewed",0.250349241718604,0.15688666427981,1006
80,"equally abundant",0.8227665,0.514003902829411,1006
80,"intermediate",0.839814324381642,0.52188903520197,1006
80,"extremely skewed",0.397243422588201,0.203788515335597,1006
100,"equally abundant",0.8051216,0.504481041282284,1006
100,"intermediate",0.791482734917148,0.504995363848942,1006
100,"extremely skewed",0.446891567794989,0.292790707352921,1006
120,"equally abundant",0.792103166666667,0.498354025111143,1006
120,"intermediate",0.795620439394732,0.496388600058382,1006
120,"extremely skewed",0.593587888274228,0.292980705992166,1006
150,"equally abundant",0.799002133333334,0.493735798598624,1006
150,"intermediate",0.791274089566322,0.488627725823429,1006
150,"extremely skewed",0.79375101818592,0.376835089580859,1006
180,"equally abundant",0.795292333333333,0.491012038189092,1006
180,"intermediate",0.780934340006961,0.480353114751402,1006
180,"extremely skewed",0.679800810944881,0.345268775656722,1006
200,"equally abundant",0.8012712,0.489907041856118,1006
200,"intermediate",0.795327196571118,0.485022525823359,1006
200,"extremely skewed",0.893645077459127,0.435252649823881,1006
10,"equally abundant",0.688436,0.452253435558315,1007
10,"intermediate",0.667653200392574,0.409131709353514,1007
10,"extremely skewed",0.228959271209776,0.151473986528112,1007
20,"equally abundant",0.75851,0.48113001318062,1007
20,"intermediate",0.90903074892036,0.575906269941905,1007
20,"extremely skewed",0.186603283571982,0.119213605715367,1007
30,"equally abundant",0.750122,0.478669275212695,1007
30,"intermediate",0.739905740442669,0.471559985747459,1007
30,"extremely skewed",0.310251533752082,0.180569197190352,1007
40,"equally abundant",0.746964,0.481192101698334,1007
40,"intermediate",0.744080414821965,0.471602151410597,1007
40,"extremely skewed",0.131523917110313,0.0747084809294715,1007
50,"equally abundant",0.7696716,0.484197835428699,1007
50,"intermediate",0.75982246457581,0.49191092803911,1007
50,"extremely skewed",0.173274417542426,0.100971688512541,1007
60,"equally abundant",0.778636333333333,0.491725903035768,1007
60,"intermediate",0.789342780599727,0.495087840787183,1007
60,"extremely skewed",0.0143520538036523,0.00857866993814649,1007
70,"equally abundant",0.779915142857143,0.492516432086256,1007
70,"intermediate",0.77134125899224,0.497832778431116,1007
70,"extremely skewed",0.0153674986613178,0.0107463562004874,1007
80,"equally abundant",0.77103975,0.482513208603625,1007
80,"intermediate",0.768887969414854,0.48276823420151,1007
80,"extremely skewed",0.0159160553074138,0.0110145415468452,1007
100,"equally abundant",0.767546,0.470755211950578,1007
100,"intermediate",0.77922062358109,0.479612357495338,1007
100,"extremely skewed",0.0223290121767111,0.0144038588540639,1007
120,"equally abundant",0.773831166666667,0.473057840942884,1007
120,"intermediate",0.77454861522698,0.470227799476855,1007
120,"extremely skewed",0.135850769862091,0.0893414882784026,1007
150,"equally abundant",0.7948964,0.485753879595417,1007
150,"intermediate",0.814950296852889,0.504847595176163,1007
150,"extremely skewed",0.309709154585943,0.231189793040195,1007
180,"equally abundant",0.801824444444445,0.487400408516826,1007
180,"intermediate",0.795447749951308,0.479647334282209,1007
180,"extremely skewed",0.362651915419493,0.231015648990396,1007
200,"equally abundant",0.799819599999999,0.486791219991203,1007
200,"intermediate",0.797408705556382,0.48762652432533,1007
200,"extremely skewed",0.459564089319566,0.254004445972638,1007
10,"equally abundant",0.932948,0.501297451482188,1008
10,"intermediate",0.91916197387507,0.452846251096105,1008
10,"extremely skewed",0.222022531099082,0.145249525506704,1008
20,"equally abundant",0.903821,0.486354363373099,1008
20,"intermediate",0.895918920393597,0.478807746415451,1008
20,"extremely skewed",0.611170134978615,0.251234492471457,1008
30,"equally abundant",0.882553333333334,0.514045359168535,1008
30,"intermediate",0.854876623982023,0.509129145526063,1008
30,"extremely skewed",0.626298160403169,0.308543482330865,1008
40,"equally abundant",0.8368795,0.506628920323237,1008
40,"intermediate",0.832041053653388,0.502679208863114,1008
40,"extremely skewed",0.918361295591085,0.511930022125668,1008
50,"equally abundant",0.8311116,0.49535356110129,1008
50,"intermediate",0.831999761674187,0.488773234250671,1008
50,"extremely skewed",0.760530261963831,0.363627732266055,1008
60,"equally abundant",0.822426,0.489383379366322,1008
60,"intermediate",0.809825153604749,0.476145140037286,1008
60,"extremely skewed",0.91315710621994,0.333609725384073,1008
70,"equally abundant",0.826980285714286,0.490055423252724,1008
70,"intermediate",0.83552027407258,0.486611009046502,1008
70,"extremely skewed",1.04778289335446,0.48089624488204,1008
80,"equally abundant",0.81639975,0.485927509094252,1008
80,"intermediate",0.812464607822231,0.481374352734565,1008
80,"extremely skewed",0.459327938905361,0.22992428484741,1008
100,"equally abundant",0.8221052,0.490058135255459,1008
100,"intermediate",0.825430546836367,0.484960064347055,1008
100,"extremely skewed",0.311469523888324,0.158684152975617,1008
120,"equally abundant",0.827482833333334,0.495870250529181,1008
120,"intermediate",0.832252452381943,0.494569646192706,1008
120,"extremely skewed",0.352454837203145,0.225075333384382,1008
150,"equally abundant",0.834486400000001,0.496285025163242,1008
150,"intermediate",0.838576190094767,0.503867852173691,1008
150,"extremely skewed",0.762725092034632,0.293723524752698,1008
180,"equally abundant",0.829480555555555,0.490913591769601,1008
180,"intermediate",0.823959144337385,0.487053094569412,1008
180,"extremely skewed",1.08300151425302,0.513606954846589,1008
200,"equally abundant",0.8294525,0.493993441931632,1008
200,"intermediate",0.830276163064658,0.496081898281657,1008
200,"extremely skewed",0.827840376658952,0.407264053479435,1008
10,"equally abundant",0.8283,0.391241874487664,1009
10,"intermediate",0.866850442772286,0.376702862853629,1009
10,"extremely skewed",0.318961211685928,0.128152610114321,1009
20,"equally abundant",0.886541,0.44820376134008,1009
20,"intermediate",0.837996907953567,0.423170554080665,1009
20,"extremely skewed",0.0896862645974919,0.0538661573266376,1009
30,"equally abundant",0.873525333333333,0.464705397147246,1009
30,"intermediate",0.941806590106278,0.474264797407323,1009
30,"extremely skewed",0.745646690296646,0.320403188867662,1009
40,"equally abundant",0.8318315,0.460467284149061,1009
40,"intermediate",0.803399273432748,0.455521268187122,1009
40,"extremely skewed",0.520719395734182,0.235359850950295,1009
50,"equally abundant",0.8519444,0.463310595220873,1009
50,"intermediate",0.817826893826469,0.453917725439485,1009
50,"extremely skewed",0.348647652469065,0.181223515209158,1009
60,"equally abundant",0.837787,0.464898881169909,1009
60,"intermediate",0.86423505037312,0.467025485952045,1009
60,"extremely skewed",0.773871484920086,0.311593745139017,1009
70,"equally abundant",0.823077428571428,0.466886062566591,1009
70,"intermediate",0.829704941325839,0.455952073975142,1009
70,"extremely skewed",0.055326193244378,0.0394583144785877,1009
80,"equally abundant",0.81593725,0.479154907044485,1009
80,"intermediate",0.805975181244644,0.471724043104552,1009
80,"extremely skewed",0.619857901967587,0.318391318944477,1009
100,"equally abundant",0.8255134,0.479000200856208,1009
100,"intermediate",0.818525562621909,0.478235986342276,1009
100,"extremely skewed",0.712729848718483,0.358805112446679,1009
120,"equally abundant",0.830557,0.487412966759742,1009
120,"intermediate",0.838820365898471,0.49403103402412,1009
120,"extremely skewed",0.286615545239794,0.170365414442713,1009
150,"equally abundant",0.839739066666667,0.492179874969484,1009
150,"intermediate",0.83498428991056,0.484280786465718,1009
150,"extremely skewed",0.321612453076264,0.161951650921905,1009
180,"equally abundant",0.833113888888889,0.491710502307311,1009
180,"intermediate",0.832561465426468,0.488552257426134,1009
180,"extremely skewed",0.161593166837008,0.085945709161138,1009
200,"equally abundant",0.8295749,0.488723872183207,1009
200,"intermediate",0.831496905660022,0.493452741975163,1009
200,"extremely skewed",0.756079720048715,0.381716542534899,1009
10,"equally abundant",0.866562,0.43957287846758,1010
10,"intermediate",0.763441190293611,0.361153680940027,1010
10,"extremely skewed",0.0069740325806064,0.00484334542387528,1010
20,"equally abundant",0.86069,0.489274522215863,1010
20,"intermediate",0.920879948125736,0.486220915772537,1010
20,"extremely skewed",0.00894847120184169,0.00591318105184573,1010
30,"equally abundant",0.80476,0.480924834869941,1010
30,"intermediate",0.799256444233659,0.459299981833863,1010
30,"extremely skewed",0.193724463775453,0.10954220067966,1010
40,"equally abundant",0.8080345,0.479219808506982,1010
40,"intermediate",0.778860588113236,0.470765739788645,1010
40,"extremely skewed",0.426852787306987,0.222457622560072,1010
50,"equally abundant",0.7782492,0.465378427353506,1010
50,"intermediate",0.758265206365099,0.450101646186084,1010
50,"extremely skewed",0.297196786463222,0.195052300381045,1010
60,"equally abundant",0.775260333333333,0.46206539253757,1010
60,"intermediate",0.808055721053994,0.464775044032306,1010
60,"extremely skewed",0.627038056272239,0.32684721079146,1010
70,"equally abundant",0.772570285714286,0.457890200812772,1010
70,"intermediate",0.776722417315903,0.455777624080919,1010
70,"extremely skewed",0.563254123642606,0.269892436025964,1010
80,"equally abundant",0.760004,0.45225877188266,1010
80,"intermediate",0.740036615910897,0.443942478211728,1010
80,"extremely skewed",0.60651796717488,0.29048585255294,1010
100,"equally abundant",0.7739654,0.454116628707108,1010
100,"intermediate",0.762278018666231,0.452686083719381,1010
100,"extremely skewed",0.645395400003632,0.309042321253588,1010
120,"equally abundant",0.7797365,0.458961916517357,1010
120,"intermediate",0.772270924753687,0.451056895004365,1010
120,"extremely skewed",0.9869468340164,0.490782095699385,1010
150,"equally abundant",0.781577200000001,0.457588943504957,1010
150,"intermediate",0.789787790422092,0.459713540776103,1010
150,"extremely skewed",0.630065986753967,0.328017780690581,1010
180,"equally abundant",0.775733444444444,0.457651224547173,1010
180,"intermediate",0.782168552007424,0.45644054369736,1010
180,"extremely skewed",0.659145867320777,0.315448851697913,1010
200,"equally abundant",0.782287899999999,0.462655447449282,1010
200,"intermediate",0.778624268690195,0.457989295337976,1010
200,"extremely skewed",0.776397435532327,0.374653960349212,1010
10,"equally abundant",0.872852,0.430866231000466,1011
10,"intermediate",0.847590981607468,0.410321198573316,1011
10,"extremely skewed",0.12521914181743,0.0790473978542428,1011
20,"equally abundant",0.802275,0.421733676442312,1011
20,"intermediate",0.793930943592868,0.406301193281591,1011
20,"extremely skewed",0.254944706908596,0.138008972943946,1011
30,"equally abundant",0.811414,0.422717070449451,1011
30,"intermediate",0.791532093791632,0.411351921118343,1011
30,"extremely skewed",0.156021968909667,0.0855701405600102,1011
40,"equally abundant",0.797415,0.438641287727694,1011
40,"intermediate",0.795859394882774,0.423817707188213,1011
40,"extremely skewed",0.237229563448574,0.13301555168255,1011
50,"equally abundant",0.799444,0.444217430504536,1011
50,"intermediate",0.817454731555539,0.437921209064741,1011
50,"extremely skewed",0.321524757856529,0.17886014522073,1011
60,"equally abundant",0.799578666666667,0.448494549148921,1011
60,"intermediate",0.798203643364862,0.442302624120381,1011
60,"extremely skewed",0.395495363026924,0.227727062090998,1011
70,"equally abundant",0.796088,0.450420497047548,1011
70,"intermediate",0.79288376954161,0.442877689986809,1011
70,"extremely skewed",0.220782801593255,0.134341312644627,1011
80,"equally abundant",0.79274175,0.449634018743429,1011
80,"intermediate",0.785484043479519,0.444924072211637,1011
80,"extremely skewed",0.353641459863235,0.24928324838423,1011
100,"equally abundant",0.7893694,0.458057144437938,1011
100,"intermediate",0.791483343900409,0.463602835509283,1011
100,"extremely skewed",0.439540369850423,0.234830177641352,1011
120,"equally abundant",0.802846,0.479551154073284,1011
120,"intermediate",0.798758168397443,0.472845099448609,1011
120,"extremely skewed",0.458340019623174,0.260576129751069,1011
150,"equally abundant",0.811029333333334,0.481859367189116,1011
150,"intermediate",0.807478536343431,0.479368187709187,1011
150,"extremely skewed",0.668945131557972,0.315319882391678,1011
180,"equally abundant",0.808636777777778,0.481655332587632,1011
180,"intermediate",0.810694605775981,0.481016482196416,1011
180,"extremely skewed",0.761008030580223,0.357526752714726,1011
200,"equally abundant",0.8102999,0.482697023698706,1011
200,"intermediate",0.810903114240124,0.47915218916349,1011
200,"extremely skewed",0.832266146261494,0.42164205043072,1011
10,"equally abundant",0.658622,0.406422311958463,1012
10,"intermediate",0.586442964269552,0.390542717719232,1012
10,"extremely skewed",0.450715718023114,0.178430452937044,1012
20,"equally abundant",0.705865,0.42555814552249,1012
20,"intermediate",0.718141042332256,0.427497684652314,1012
20,"extremely skewed",0.202879892534098,0.121671046242203,1012
30,"equally abundant",0.734421333333333,0.426003752740727,1012
30,"intermediate",0.740773134081824,0.406841818226156,1012
30,"extremely skewed",0.199914217667923,0.115381185068128,1012
40,"equally abundant",0.7461155,0.437276736698885,1012
40,"intermediate",0.752180887544747,0.430973795481548,1012
40,"extremely skewed",0.745428125352687,0.27017606297766,1012
50,"equally abundant",0.7288236,0.432039246948853,1012
50,"intermediate",0.731292772883593,0.407166762166626,1012
50,"extremely skewed",0.231052013976456,0.123767137966367,1012
60,"equally abundant",0.738292333333333,0.426640432262444,1012
60,"intermediate",0.743689973032049,0.424859418737253,1012
60,"extremely skewed",0.22470172940597,0.139989909188055,1012
70,"equally abundant",0.747584857142857,0.431519678123443,1012
70,"intermediate",0.753394133394234,0.427683178618987,1012
70,"extremely skewed",0.272872062774624,0.171770953331823,1012
80,"equally abundant",0.75383525,0.431952223469644,1012
80,"intermediate",0.751497024725308,0.433382066386167,1012
80,"extremely skewed",0.194187398120063,0.112234254302711,1012
100,"equally abundant",0.7667802,0.445392058155857,1012
100,"intermediate",0.764026144130964,0.442824884280219,1012
100,"extremely skewed",0.258587093373909,0.172111624128823,1012
120,"equally abundant",0.768214333333333,0.447162124430255,1012
120,"intermediate",0.778752769809365,0.445716222200006,1012
120,"extremely skewed",0.550239229088389,0.274364173083913,1012
150,"equally abundant",0.774156933333334,0.455190045974732,1012
150,"intermediate",0.780187329234567,0.457255624689874,1012
150,"extremely skewed",0.394757685680928,0.210569508196554,1012
180,"equally abundant",0.782759222222222,0.457400028921973,1012
180,"intermediate",0.787573513870782,0.458720813211691,1012
180,"extremely skewed",0.672563202366729,0.342539729824761,1012
200,"equally abundant",0.7872266,0.463411502513265,1012
200,"intermediate",0.788470475839489,0.468051945053454,1012
200,"extremely skewed",0.45398658877065,0.226854074132752,1012
10,"equally abundant",0.789882,0.397093234063607,1013
10,"intermediate",1.01802561770242,0.430431471151835,1013
10,"extremely skewed",0.0981610880953386,0.0454529397045434,1013
20,"equally abundant",0.832289,0.465219344463353,1013
20,"intermediate",0.775574477789484,0.438197649439404,1013
20,"extremely skewed",0.187054449448256,0.0935974849223118,1013
30,"equally abundant",0.788704666666667,0.474474334302022,1013
30,"intermediate",0.793241512483104,0.447111950348315,1013
30,"extremely skewed",0.0170117574587282,0.0128122954460281,1013
40,"equally abundant",0.8090975,0.484658777949554,1013
40,"intermediate",0.80369323998363,0.473814159061931,1013
40,"extremely skewed",0.00453667907544071,0.00302721913317644,1013
50,"equally abundant",0.7975948,0.48038190614419,1013
50,"intermediate",0.798078366594085,0.485481439410144,1013
50,"extremely skewed",0.0169701309759959,0.00887946608525733,1013
60,"equally abundant",0.799613333333333,0.479896866345323,1013
60,"intermediate",0.770098906180075,0.472601646180329,1013
60,"extremely skewed",0.0121663022306871,0.00889453059443211,1013
70,"equally abundant",0.812063428571428,0.491152089842534,1013
70,"intermediate",0.812967868815458,0.495097082394805,1013
70,"extremely skewed",0.453388564435914,0.238691933435854,1013
80,"equally abundant",0.805127,0.492388004720435,1013
80,"intermediate",0.804942606276989,0.466151565027696,1013
80,"extremely skewed",0.0128090675264753,0.00869976791243583,1013
100,"equally abundant",0.8239418,0.514679415963606,1013
100,"intermediate",0.843637911577386,0.51577996706248,1013
100,"extremely skewed",0.620539359067491,0.301878399067885,1013
120,"equally abundant",0.829410333333333,0.513517129821213,1013
120,"intermediate",0.817948466929301,0.509857869686864,1013
120,"extremely skewed",0.0155812756783704,0.0106852935014286,1013
150,"equally abundant",0.830724933333333,0.510673373651184,1013
150,"intermediate",0.83183176505502,0.508623313131757,1013
150,"extremely skewed",0.708897134576531,0.344026078480505,1013
180,"equally abundant",0.829034333333333,0.50230704480252,1013
180,"intermediate",0.842669570550534,0.509900645844212,1013
180,"extremely skewed",0.757781553070495,0.400360013836019,1013
200,"equally abundant",0.8186809,0.496992673756093,1013
200,"intermediate",0.812223001072543,0.498180882407116,1013
200,"extremely skewed",0.809374756514848,0.432602305089413,1013
10,"equally abundant",0.752514,0.423744449961902,1014
10,"intermediate",0.695415281145039,0.387553735240481,1014
10,"extremely skewed",0.0916827659877195,0.0639611538529749,1014
20,"equally abundant",0.707624,0.406439759024277,1014
20,"intermediate",0.652383028394693,0.345649050341441,1014
20,"extremely skewed",0.0617565031591691,0.0381350657247973,1014
30,"equally abundant",0.725510666666667,0.424971072551975,1014
30,"intermediate",0.630707999591271,0.372561395827483,1014
30,"extremely skewed",0.411441040710203,0.216879973550985,1014
40,"equally abundant",0.74781,0.447028414805174,1014
40,"intermediate",0.725844006821325,0.434848508693096,1014
40,"extremely skewed",0.169781106884505,0.0927910706300764,1014
50,"equally abundant",0.7683524,0.451182325049397,1014
50,"intermediate",0.781977572690718,0.453355282484869,1014
50,"extremely skewed",0.238221030568508,0.126343564988403,1014
60,"equally abundant",0.760747666666667,0.449522851039641,1014
60,"intermediate",0.764897080129393,0.430631115256605,1014
60,"extremely skewed",0.534350823586625,0.271351853846155,1014
70,"equally abundant",0.764492857142857,0.447285334306999,1014
70,"intermediate",0.766028587640568,0.444108287692751,1014
70,"extremely skewed",0.727624149127266,0.319215231547492,1014
80,"equally abundant",0.77567475,0.456149693336285,1014
80,"intermediate",0.769193717289685,0.440289824938959,1014
80,"extremely skewed",0.753064883797253,0.26588544518986,1014
100,"equally abundant",0.7818216,0.460385965388961,1014
100,"intermediate",0.767310418641933,0.447392245210053,1014
100,"extremely skewed",0.619098673765506,0.265919508776966,1014
120,"equally abundant",0.777606333333334,0.459419975281179,1014
120,"intermediate",0.758689844310918,0.457427725092976,1014
120,"extremely skewed",0.623271044897665,0.297244259912264,1014
150,"equally abundant",0.783687600000001,0.467563423863927,1014
150,"intermediate",0.781970047900151,0.469046574293515,1014
150,"extremely skewed",0.640410879127214,0.362338276849889,1014
180,"equally abundant",0.787373333333333,0.469527417678421,1014
180,"intermediate",0.788308982572303,0.47500713582838,1014
180,"extremely skewed",0.430216696208853,0.263824743341345,1014
200,"equally abundant",0.7867313,0.473581946088043,1014
200,"intermediate",0.782306018407229,0.46815574893088,1014
200,"extremely skewed",0.697025773952781,0.345851203266336,1014
10,"equally abundant",0.620352,0.31856319458643,1015
10,"intermediate",0.704058437442014,0.322093538623828,1015
10,"extremely skewed",0.0900697821180047,0.0666249232494101,1015
20,"equally abundant",0.771605,0.429295471223328,1015
20,"intermediate",0.754039456941664,0.385354355332675,1015
20,"extremely skewed",0.734166514821355,0.296952992058214,1015
30,"equally abundant",0.803512,0.469738909073662,1015
30,"intermediate",0.857348632143316,0.515450321222923,1015
30,"extremely skewed",0.355491272203501,0.158084956704414,1015
40,"equally abundant",0.813626,0.465301302075476,1015
40,"intermediate",0.800967529114177,0.447375428285749,1015
40,"extremely skewed",0.371750301190049,0.198586867210836,1015
50,"equally abundant",0.8195568,0.472868852948835,1015
50,"intermediate",0.821316632823095,0.478292159565567,1015
50,"extremely skewed",0.442415033970513,0.238093402830241,1015
60,"equally abundant",0.822527666666667,0.481192424649979,1015
60,"intermediate",0.818315592576111,0.467009191596936,1015
60,"extremely skewed",0.571110026405309,0.347349357493047,1015
70,"equally abundant",0.825747142857143,0.475328918329482,1015
70,"intermediate",0.815506867629847,0.466684168958736,1015
70,"extremely skewed",1.01175603790095,0.413501964523717,1015
80,"equally abundant",0.8069005,0.475868765957763,1015
80,"intermediate",0.806610657710756,0.466932284904316,1015
80,"extremely skewed",0.663010794343269,0.314889082938039,1015
100,"equally abundant",0.8167396,0.483471961503298,1015
100,"intermediate",0.826281109604407,0.481492596450797,1015
100,"extremely skewed",0.773428944175151,0.348599789178923,1015
120,"equally abundant",0.816767,0.485437871799751,1015
120,"intermediate",0.819129640870423,0.483008200780618,1015
120,"extremely skewed",0.745045742502795,0.319241169717231,1015
150,"equally abundant",0.80455,0.47829719930222,1015
150,"intermediate",0.800729513443925,0.474394037091994,1015
150,"extremely skewed",0.669496007863693,0.346630529184431,1015
180,"equally abundant",0.810963333333333,0.484535604067657,1015
180,"intermediate",0.813864525559826,0.482676370235853,1015
180,"extremely skewed",0.651724992772692,0.412438267854694,1015
200,"equally abundant",0.82519,0.496519070795055,1015
200,"intermediate",0.818554419957042,0.493079671256118,1015
200,"extremely skewed",0.771050795683197,0.440712371512325,1015
10,"equally abundant",0.72469,0.411342530165839,1016
10,"intermediate",0.654840702954428,0.375882332785363,1016
10,"extremely skewed",0.649974873232123,0.294132158634154,1016
20,"equally abundant",0.72211,0.431763896094579,1016
20,"intermediate",0.752495456552212,0.39441201814523,1016
20,"extremely skewed",0.329316963756749,0.0874390608951481,1016
30,"equally abundant",0.770295333333333,0.456953945263407,1016
30,"intermediate",0.781904554958268,0.432303293414844,1016
30,"extremely skewed",0.0968997108293316,0.0593070319952685,1016
40,"equally abundant",0.7831695,0.456024489819405,1016
40,"intermediate",0.737655210557913,0.439014107343919,1016
40,"extremely skewed",0.0894946160818591,0.0592749625491337,1016
50,"equally abundant",0.7986644,0.479191509763527,1016
50,"intermediate",0.79497956483912,0.460905381620566,1016
50,"extremely skewed",0.103217359888191,0.0566943899848988,1016
60,"equally abundant",0.791139333333334,0.475956100357281,1016
60,"intermediate",0.757612493691971,0.462504947531238,1016
60,"extremely skewed",0.0874982171345751,0.059619013660326,1016
70,"equally abundant",0.806269714285714,0.48555491087247,1016
70,"intermediate",0.786676257471929,0.473881097599337,1016
70,"extremely skewed",0.149656415384009,0.0836772054711428,1016
80,"equally abundant",0.815479,0.482538440232,1016
80,"intermediate",0.80309307614382,0.474425234906245,1016
80,"extremely skewed",0.0850217292782833,0.0555581307202986,1016
100,"equally abundant",0.8269702,0.481920289803739,1016
100,"intermediate",0.80955225061019,0.469719944263198,1016
100,"extremely skewed",0.15657226105269,0.0999870350447932,1016
120,"equally abundant",0.827898833333333,0.489750948341656,1016
120,"intermediate",0.821437631817906,0.481468495702447,1016
120,"extremely skewed",0.181012448127616,0.107306169147107,1016
150,"equally abundant",0.824561600000001,0.493798313065575,1016
150,"intermediate",0.812819997263956,0.486737988795391,1016
150,"extremely skewed",0.193967723951791,0.104161122849499,1016
180,"equally abundant",0.812099888888889,0.4870340786869,1016
180,"intermediate",0.811422002221473,0.489948190601529,1016
180,"extremely skewed",0.272304016681054,0.175709440429428,1016
200,"equally abundant",0.8133165,0.48828699112861,1016
200,"intermediate",0.817043853771259,0.491716890723458,1016
200,"extremely skewed",0.777518013259019,0.534920353502553,1016
10,"equally abundant",0.736334,0.410789528461192,1017
10,"intermediate",0.749120640500425,0.383742750174668,1017
10,"extremely skewed",0.020692247817594,0.0129449318075038,1017
20,"equally abundant",0.752948,0.491328851595912,1017
20,"intermediate",0.720570505407487,0.449842969739617,1017
20,"extremely skewed",0.033421870256492,0.0222656581385005,1017
30,"equally abundant",0.763550666666667,0.480386427450436,1017
30,"intermediate",0.73538484313953,0.468160832697388,1017
30,"extremely skewed",0.0394367185939473,0.0277886104621302,1017
40,"equally abundant",0.759012,0.485580929488746,1017
40,"intermediate",0.775020065788515,0.486132001812701,1017
40,"extremely skewed",0.0707468783112036,0.039499352640563,1017
50,"equally abundant",0.7768256,0.477822807772644,1017
50,"intermediate",0.759587579240488,0.473369400415406,1017
50,"extremely skewed",0.0929634962208414,0.0297941091971051,1017
60,"equally abundant",0.773830666666667,0.479637518747653,1017
60,"intermediate",0.7632697921877,0.495499660620284,1017
60,"extremely skewed",0.0974714614963099,0.0922485692654609,1017
70,"equally abundant",0.769251714285714,0.474644013698083,1017
70,"intermediate",0.790516658141059,0.477633888028126,1017
70,"extremely skewed",0.247802128717247,0.147906259622385,1017
80,"equally abundant",0.77269125,0.475165503441843,1017
80,"intermediate",0.786798499143713,0.485569975903019,1017
80,"extremely skewed",0.0990912818620085,0.0636699629888364,1017
100,"equally abundant",0.8013592,0.49529469190173,1017
100,"intermediate",0.786050571621567,0.496722451800287,1017
100,"extremely skewed",0.42195571721744,0.233809470966698,1017
120,"equally abundant",0.801403,0.489646217701126,1017
120,"intermediate",0.794520197727585,0.490875236405039,1017
120,"extremely skewed",0.235972776918883,0.189991423319727,1017
150,"equally abundant",0.809762933333334,0.485905273495908,1017
150,"intermediate",0.80669650167211,0.488411703151682,1017
150,"extremely skewed",0.777319898649995,0.353691766646992,1017
180,"equally abundant",0.811708555555556,0.48910446240895,1017
180,"intermediate",0.819598121981428,0.489341592525071,1017
180,"extremely skewed",0.798087879386538,0.344262447549743,1017
200,"equally abundant",0.821637499999999,0.495123499601975,1017
200,"intermediate",0.828022137101825,0.496853832196099,1017
200,"extremely skewed",0.703432336295791,0.407304921540192,1017
10,"equally abundant",0.806318,0.453828896310449,1018
10,"intermediate",0.787462956247809,0.387538578579691,1018
10,"extremely skewed",0.0819277974838932,0.0530527726593485,1018
20,"equally abundant",0.76632,0.459715547208962,1018
20,"intermediate",0.71843570259197,0.450670345923217,1018
20,"extremely skewed",0.0926401453592316,0.0551130213568304,1018
30,"equally abundant",0.763068666666667,0.455522380827013,1018
30,"intermediate",0.738323544875221,0.424098273219293,1018
30,"extremely skewed",0.253863728322004,0.18603715868243,1018
40,"equally abundant",0.7689445,0.46869414676017,1018
40,"intermediate",0.738569934095598,0.44522258097926,1018
40,"extremely skewed",0.259712285743546,0.163189628951593,1018
50,"equally abundant",0.7780616,0.480258043725534,1018
50,"intermediate",0.747804100226406,0.454807191999467,1018
50,"extremely skewed",0.361899123808334,0.221810702383201,1018
60,"equally abundant",0.764878333333334,0.4715181062376,1018
60,"intermediate",0.747157248863446,0.473880834694039,1018
60,"extremely skewed",0.730712390729632,0.266496410500471,1018
70,"equally abundant",0.779680857142857,0.47908505983238,1018
70,"intermediate",0.785256546133318,0.477508234712986,1018
70,"extremely skewed",0.837434696981779,0.496404369232722,1018
80,"equally abundant",0.7787945,0.475918055877779,1018
80,"intermediate",0.786513339990405,0.474367406570912,1018
80,"extremely skewed",0.760410335224423,0.126251293621972,1018
100,"equally abundant",0.8042126,0.505122340489385,1018
100,"intermediate",0.819046179559291,0.508881776639866,1018
100,"extremely skewed",1.00211062159082,0.504460349249714,1018
120,"equally abundant",0.806239666666667,0.500252213396549,1018
120,"intermediate",0.809550308346086,0.498644453359733,1018
120,"extremely skewed",0.591776965067937,0.289004559962854,1018
150,"equally abundant",0.809674933333334,0.505803838917339,1018
150,"intermediate",0.807297529893376,0.500276630888799,1018
150,"extremely skewed",0.51107774504709,0.188536232040853,1018
180,"equally abundant",0.808640666666666,0.500920420529988,1018
180,"intermediate",0.798364730523502,0.495281257217474,1018
180,"extremely skewed",0.761253899781493,0.347054607151367,1018
200,"equally abundant",0.8049433,0.500191577572358,1018
200,"intermediate",0.809217012952478,0.500594051029873,1018
200,"extremely skewed",0.776966067744716,0.412686767485558,1018
10,"equally abundant",0.734062,0.362401650645141,1019
10,"intermediate",0.78077420313774,0.364556167742941,1019
10,"extremely skewed",0.290672001747094,0.149949710020647,1019
20,"equally abundant",0.803277,0.444696781612717,1019
20,"intermediate",0.818501502586288,0.440828033396548,1019
20,"extremely skewed",0.309647498410577,0.173471852829844,1019
30,"equally abundant",0.808367333333333,0.44815695866971,1019
30,"intermediate",0.836141145592,0.469274004476088,1019
30,"extremely skewed",0.0418956033040094,0.0344808631593419,1019
40,"equally abundant",0.7892475,0.438456140473794,1019
40,"intermediate",0.80090744370868,0.440858748438078,1019
40,"extremely skewed",0.0616745457373628,0.0491440662217035,1019
50,"equally abundant",0.7680436,0.436022792415337,1019
50,"intermediate",0.73789068084633,0.435126652552314,1019
50,"extremely skewed",0.187417284915869,0.0897694904814376,1019
60,"equally abundant",0.762002333333334,0.43087916516047,1019
60,"intermediate",0.752134056057687,0.422330500096304,1019
60,"extremely skewed",0.156175840424775,0.0911849777123445,1019
70,"equally abundant",0.767633142857143,0.440842410057853,1019
70,"intermediate",0.77497427751096,0.43518105443548,1019
70,"extremely skewed",0.0882995490444136,0.0533624445445615,1019
80,"equally abundant",0.775165,0.450061530838679,1019
80,"intermediate",0.755174203724176,0.446546839649996,1019
80,"extremely skewed",0.237595868879848,0.137875503585836,1019
100,"equally abundant",0.7874774,0.450485040215392,1019
100,"intermediate",0.791836285037203,0.452948095076954,1019
100,"extremely skewed",0.000173446504285501,8.94446574969577e-05,1019
120,"equally abundant",0.796064833333333,0.467238281646351,1019
120,"intermediate",0.791304221076935,0.45828225827118,1019
120,"extremely skewed",8.51539616911805e-05,6.59010383430213e-05,1019
150,"equally abundant",0.777646266666668,0.456403235167049,1019
150,"intermediate",0.773904920131091,0.451612386000606,1019
150,"extremely skewed",0.000116700519768225,7.45110223197932e-05,1019
180,"equally abundant",0.787970666666667,0.469909929412566,1019
180,"intermediate",0.783470787111621,0.461288792551887,1019
180,"extremely skewed",0.000309791733919414,0.0002030435767756,1019
200,"equally abundant",0.7899455,0.469086988260806,1019
200,"intermediate",0.781979915906234,0.463081920157123,1019
200,"extremely skewed",0.000171416636704303,0.000131047516286702,1019
10,"equally abundant",0.876254,0.412288863632439,1020
10,"intermediate",0.866825442358579,0.395932092377645,1020
10,"extremely skewed",0.632990836971236,0.257412979837283,1020
20,"equally abundant",0.82465,0.444230964161078,1020
20,"intermediate",0.835826096960477,0.418184764536291,1020
20,"extremely skewed",0.880536828487527,0.321341166322909,1020
30,"equally abundant",0.856554666666667,0.489223045966944,1020
30,"intermediate",0.870503330042589,0.497456538398516,1020
30,"extremely skewed",1.07088247044104,0.502453821257285,1020
40,"equally abundant",0.836124,0.490122290259895,1020
40,"intermediate",0.820511628301797,0.479347440443234,1020
40,"extremely skewed",0.750033175036835,0.341208996510644,1020
50,"equally abundant",0.8506156,0.513614442211059,1020
50,"intermediate",0.853934588282179,0.481200908412358,1020
50,"extremely skewed",1.14011961831038,0.512275119552733,1020
60,"equally abundant",0.821290333333333,0.499929432726489,1020
60,"intermediate",0.81115005377525,0.491663864868986,1020
60,"extremely skewed",0.63655774841246,0.327634103412037,1020
70,"equally abundant",0.822891714285714,0.498345076169421,1020
70,"intermediate",0.84888326429164,0.528592492040629,1020
70,"extremely skewed",0.90097463756042,0.358892421995354,1020
80,"equally abundant",0.8309105,0.504162586597555,1020
80,"intermediate",0.825296519385043,0.499158053678919,1020
80,"extremely skewed",0.0660582238919725,0.0364103966030754,1020
100,"equally abundant",0.8403926,0.504239322297097,1020
100,"intermediate",0.829763350605058,0.496303810498742,1020
100,"extremely skewed",0.0370081166252182,0.0290079125965314,1020
120,"equally abundant",0.838021166666667,0.507230896704825,1020
120,"intermediate",0.841440335476727,0.508939202355557,1020
120,"extremely skewed",0.0415440032521681,0.0409727616892332,1020
150,"equally abundant",0.8308104,0.500670753299721,1020
150,"intermediate",0.837071048736867,0.49762023495054,1020
150,"extremely skewed",0.859271032258557,0.504502446210379,1020
180,"equally abundant",0.828456222222222,0.49606931154011,1020
180,"intermediate",0.814966613477457,0.492182308095968,1020
180,"extremely skewed",0.81765111206656,0.413801827550768,1020
200,"equally abundant",0.8319697,0.496585763762097,1020
200,"intermediate",0.824982501991861,0.490620869650364,1020
200,"extremely skewed",0.855391961206034,0.439401777643806,1020
10,"equally abundant",0.888058,0.40484060514465,1021
10,"intermediate",0.909486142225944,0.373351950250743,1021
10,"extremely skewed",0.0253619856870627,0.014217940362974,1021
20,"equally abundant",0.839218,0.478274615854043,1021
20,"intermediate",0.963972648984641,0.510582160257815,1021
20,"extremely skewed",0.00414840474854273,0.00232899591596197,1021
30,"equally abundant",0.845126666666666,0.495036338525985,1021
30,"intermediate",0.872898692882421,0.486467150179448,1021
30,"extremely skewed",0.00670956555046254,0.00423329566395543,1021
40,"equally abundant",0.8373275,0.494176260837761,1021
40,"intermediate",0.828002507960415,0.493360564385969,1021
40,"extremely skewed",0.00650348478786899,0.00460456553756368,1021
50,"equally abundant",0.8392056,0.494852134698821,1021
50,"intermediate",0.827261394195664,0.482860859286901,1021
50,"extremely skewed",0.00469988596587847,0.00320402387158612,1021
60,"equally abundant",0.843129333333333,0.505443651562949,1021
60,"intermediate",0.839461094021521,0.515183859235104,1021
60,"extremely skewed",0.00863530422683503,0.00210892159621107,1021
70,"equally abundant",0.828534857142857,0.496986770009978,1021
70,"intermediate",0.812944547505379,0.48886661795414,1021
70,"extremely skewed",0.00657719925816258,0.00371551902218093,1021
80,"equally abundant",0.82806075,0.502522995665392,1021
80,"intermediate",0.823556659850686,0.496648718685442,1021
80,"extremely skewed",0.0101545761862632,0.00742543654783819,1021
100,"equally abundant",0.8303182,0.497402501866117,1021
100,"intermediate",0.827934731618991,0.49102984759856,1021
100,"extremely skewed",0.015386853727896,0.00976329497930452,1021
120,"equally abundant",0.832931333333333,0.504618139484312,1021
120,"intermediate",0.816445310352236,0.49855194477373,1021
120,"extremely skewed",0.013745521540816,0.0108997651473871,1021
150,"equally abundant",0.829833333333334,0.502001470909498,1021
150,"intermediate",0.848457903882221,0.523440712175406,1021
150,"extremely skewed",0.0401071312575018,0.02343070188177,1021
180,"equally abundant",0.838171888888889,0.506629700281025,1021
180,"intermediate",0.834782040180432,0.507783260750212,1021
180,"extremely skewed",0.901860202793256,0.498376229318702,1021
200,"equally abundant",0.834090599999999,0.505492712668706,1021
200,"intermediate",0.830805160923112,0.49775779898538,1021
200,"extremely skewed",0.950348935192809,0.379597923442825,1021
10,"equally abundant",0.761636,0.406258624408925,1022
10,"intermediate",0.76606870755756,0.381658045397861,1022
10,"extremely skewed",0.00459908482550768,0.00268119442040116,1022
20,"equally abundant",0.770718,0.446235354097638,1022
20,"intermediate",0.788193014205687,0.426226359815479,1022
20,"extremely skewed",0.209109284704945,0.123127907903311,1022
30,"equally abundant",0.797896666666667,0.469606403223542,1022
30,"intermediate",0.820007167266246,0.478269410328539,1022
30,"extremely skewed",0.306528521571469,0.193064418381045,1022
40,"equally abundant",0.788168,0.470722917275824,1022
40,"intermediate",0.776775377442555,0.493991807595361,1022
40,"extremely skewed",0.0281047521193932,0.0177519396500135,1022
50,"equally abundant",0.7866876,0.470161440586366,1022
50,"intermediate",0.812761061165179,0.47639311012012,1022
50,"extremely skewed",0.300321047294623,0.197881780916127,1022
60,"equally abundant",0.796688666666667,0.477026035089676,1022
60,"intermediate",0.801882077858545,0.455941430595717,1022
60,"extremely skewed",0.378230187111781,0.21311534986965,1022
70,"equally abundant",0.827375714285714,0.485094429328889,1022
70,"intermediate",0.823517057660131,0.491445840445834,1022
70,"extremely skewed",0.794675165059784,0.2760309330217,1022
80,"equally abundant",0.834243,0.484923914016001,1022
80,"intermediate",0.824546959160384,0.479109776861146,1022
80,"extremely skewed",0.871519946155893,0.381386620996624,1022
100,"equally abundant",0.8180484,0.483615205622824,1022
100,"intermediate",0.828163965825956,0.482194375048577,1022
100,"extremely skewed",0.805363672685734,0.30950776437216,1022
120,"equally abundant",0.803096,0.490964224736536,1022
120,"intermediate",0.794982991206754,0.490787670500514,1022
120,"extremely skewed",0.773289119493019,0.341054097926652,1022
150,"equally abundant",0.809002400000001,0.489686783960485,1022
150,"intermediate",0.804374774888701,0.487251228109918,1022
150,"extremely skewed",0.708809230389796,0.341470098767059,1022
180,"equally abundant",0.805626666666667,0.485573235984633,1022
180,"intermediate",0.8056593101823,0.484645008997083,1022
180,"extremely skewed",0.832620732106406,0.439174729071309,1022
200,"equally abundant",0.802429299999999,0.489317263665798,1022
200,"intermediate",0.804239544486362,0.488755870380585,1022
200,"extremely skewed",0.800517642814827,0.410060861891415,1022
10,"equally abundant",0.859186,0.417893596465622,1023
10,"intermediate",0.921575926698848,0.333933870367091,1023
10,"extremely skewed",0.0155805695154305,0.00935178556062251,1023
20,"equally abundant",0.810935,0.44758807529605,1023
20,"intermediate",0.838647859706388,0.36614193477538,1023
20,"extremely skewed",0.012025413740816,0.00873151864749859,1023
30,"equally abundant",0.792006,0.431572132130155,1023
30,"intermediate",0.885102808111785,0.425130897849743,1023
30,"extremely skewed",0.0158234784822586,0.0108034398553062,1023
40,"equally abundant",0.782601,0.439561882408682,1023
40,"intermediate",0.733720802298639,0.43226784455568,1023
40,"extremely skewed",0.0159225990617052,0.00829827619708057,1023
50,"equally abundant",0.7531312,0.435584288014989,1023
50,"intermediate",0.802879564920427,0.43733152398662,1023
50,"extremely skewed",0.190955356725432,0.0999013909429499,1023
60,"equally abundant",0.755173,0.429611398225449,1023
60,"intermediate",0.756195705570947,0.424664385730681,1023
60,"extremely skewed",0.198832515115234,0.110655312956256,1023
70,"equally abundant",0.763206571428571,0.444126861602618,1023
70,"intermediate",0.750108210964064,0.426614023166309,1023
70,"extremely skewed",0.221257331737207,0.12981594706009,1023
80,"equally abundant",0.77634975,0.457500974590642,1023
80,"intermediate",0.752815504522493,0.440774945818494,1023
80,"extremely skewed",0.329753585668428,0.168552161218242,1023
100,"equally abundant",0.7765078,0.463334108996038,1023
100,"intermediate",0.757731366040867,0.452477793286732,1023
100,"extremely skewed",0.52747290721277,0.253562992956765,1023
120,"equally abundant",0.782165333333333,0.475690308406429,1023
120,"intermediate",0.774478384413806,0.468695612746885,1023
120,"extremely skewed",0.43517317416279,0.256679296989735,1023
150,"equally abundant",0.781886000000001,0.474036043127103,1023
150,"intermediate",0.770367189801927,0.464626401298023,1023
150,"extremely skewed",0.417842315301927,0.197166433894023,1023
180,"equally abundant",0.787124222222222,0.476700291855984,1023
180,"intermediate",0.770796741686046,0.467738248495948,1023
180,"extremely skewed",0.127639732904559,0.0852589944356385,1023
200,"equally abundant",0.78084,0.47391912932792,1023
200,"intermediate",0.782720511687354,0.472948006593613,1023
200,"extremely skewed",0.113090019760395,0.0751869867548962,1023
10,"equally abundant",0.720088,0.360089423494088,1024
10,"intermediate",0.695833020592398,0.328974250715511,1024
10,"extremely skewed",0.0686639610077109,0.0363824095611881,1024
20,"equally abundant",0.851498,0.488856013018451,1024
20,"intermediate",0.832741707308559,0.431758229156869,1024
20,"extremely skewed",0.0334762241560477,0.0215729500365478,1024
30,"equally abundant",0.843668,0.51716859491614,1024
30,"intermediate",0.860551719214411,0.493030172613943,1024
30,"extremely skewed",0.158621456785757,0.110785169440174,1024
40,"equally abundant",0.8623645,0.551068140270199,1024
40,"intermediate",0.847724644838521,0.519209135469912,1024
40,"extremely skewed",0.109844373302885,0.0763601685977828,1024
50,"equally abundant",0.8540376,0.53989518669969,1024
50,"intermediate",0.827751475706906,0.524089898186237,1024
50,"extremely skewed",0.0364219401470219,0.0240750380288629,1024
60,"equally abundant",0.841359,0.529226297990087,1024
60,"intermediate",0.822391061939584,0.527403652887499,1024
60,"extremely skewed",0.120493297798683,0.039210892683006,1024
70,"equally abundant",0.841099428571429,0.530057106091292,1024
70,"intermediate",0.865487048791434,0.528608229772923,1024
70,"extremely skewed",0.136693874768791,0.0750801056636447,1024
80,"equally abundant",0.8396955,0.521773719487679,1024
80,"intermediate",0.825919767605175,0.510185246877985,1024
80,"extremely skewed",0.142706383480824,0.0904096121169199,1024
100,"equally abundant",0.825637,0.518401213111681,1024
100,"intermediate",0.843451188073825,0.525438356419813,1024
100,"extremely skewed",0.159716771545461,0.138048009010256,1024
120,"equally abundant",0.822106666666667,0.515722998997887,1024
120,"intermediate",0.826396604609704,0.513276746905563,1024
120,"extremely skewed",0.757088255876001,0.454560153491546,1024
150,"equally abundant",0.823666400000001,0.509428094943798,1024
150,"intermediate",0.827388542094919,0.507609875212182,1024
150,"extremely skewed",0.48236577536624,0.261586938440455,1024
180,"equally abundant",0.814185111111111,0.511840088026293,1024
180,"intermediate",0.8140235848186,0.511099485876234,1024
180,"extremely skewed",0.883436905644732,0.364345461757163,1024
200,"equally abundant",0.8095555,0.507881248392513,1024
200,"intermediate",0.803855603366495,0.504454361056214,1024
200,"extremely skewed",0.901916552045443,0.398897909215004,1024
10,"equally abundant",0.74689,0.40297030713509,1025
10,"intermediate",0.683457321151047,0.384951125143894,1025
10,"extremely skewed",0.0733423195526863,0.0552347955051146,1025
20,"equally abundant",0.815043,0.425393376857625,1025
20,"intermediate",0.808149354900098,0.407220805458519,1025
20,"extremely skewed",0.321604897158846,0.182431010384607,1025
30,"equally abundant",0.823754,0.444642412790399,1025
30,"intermediate",0.847845865233109,0.45976646905231,1025
30,"extremely skewed",0.338594184826523,0.158463403428859,1025
40,"equally abundant",0.819637,0.454104970259895,1025
40,"intermediate",0.814408306252556,0.448400670149261,1025
40,"extremely skewed",0.341979019213026,0.190035260881258,1025
50,"equally abundant",0.833904,0.458902324668772,1025
50,"intermediate",0.84008661416738,0.452098355773821,1025
50,"extremely skewed",0.320535310089703,0.17326947366736,1025
60,"equally abundant",0.814667,0.475877056686937,1025
60,"intermediate",0.796362747861818,0.475305893484182,1025
60,"extremely skewed",0.426711935600508,0.234023207567801,1025
70,"equally abundant",0.823616857142857,0.484098985862199,1025
70,"intermediate",0.832979071146208,0.484470739916632,1025
70,"extremely skewed",0.407484384271066,0.219062339548992,1025
80,"equally abundant",0.813704,0.478025665488038,1025
80,"intermediate",0.81787027011432,0.478555833893544,1025
80,"extremely skewed",0.547778092539911,0.26240579307266,1025
100,"equally abundant",0.8243666,0.486388495026808,1025
100,"intermediate",0.813692780777797,0.482836011842621,1025
100,"extremely skewed",0.634116532691622,0.273936374540686,1025
120,"equally abundant",0.8211935,0.486884711220525,1025
120,"intermediate",0.822005612548088,0.492660579760969,1025
120,"extremely skewed",0.62272077431861,0.296952640699431,1025
150,"equally abundant",0.816932400000001,0.480583106474899,1025
150,"intermediate",0.811085259131189,0.474853178936269,1025
150,"extremely skewed",0.847982902603242,0.358161628412427,1025
180,"equally abundant",0.812415777777777,0.482792028108948,1025
180,"intermediate",0.800673319207009,0.479389607500545,1025
180,"extremely skewed",0.892914759352908,0.379767267413389,1025
200,"equally abundant",0.803014,0.481065882900621,1025
200,"intermediate",0.800301091931781,0.482135066436721,1025
200,"extremely skewed",0.295524552820201,0.203163363834987,1025
10,"equally abundant",0.813912,0.399578755448323,1026
10,"intermediate",0.784940238845253,0.360048840358752,1026
10,"extremely skewed",0.161355224419876,0.122771562820903,1026
20,"equally abundant",0.816309,0.480126082607172,1026
20,"intermediate",0.846119062957701,0.460580497395099,1026
20,"extremely skewed",0.0108853045171315,0.00735443293151051,1026
30,"equally abundant",0.778602,0.493216547257572,1026
30,"intermediate",0.735498381285247,0.462549498148616,1026
30,"extremely skewed",0.0240404076934725,0.0170824539640654,1026
40,"equally abundant",0.7881725,0.490076925800294,1026
40,"intermediate",0.781223023323703,0.478437545693147,1026
40,"extremely skewed",0.0441486052302337,0.0154305817966263,1026
50,"equally abundant",0.771858,0.480511682333779,1026
50,"intermediate",0.769285229858944,0.480070889570057,1026
50,"extremely skewed",0.611391012608393,0.239184253369404,1026
60,"equally abundant",0.773486666666667,0.475562709155058,1026
60,"intermediate",0.77824997166888,0.469941379931817,1026
60,"extremely skewed",0.0127590400835077,0.00870576346954609,1026
70,"equally abundant",0.788875428571428,0.484077709905904,1026
70,"intermediate",0.780447347694248,0.472703016062742,1026
70,"extremely skewed",0.126432509754642,0.0750103355939492,1026
80,"equally abundant",0.79323625,0.48696111604651,1026
80,"intermediate",0.796832061883978,0.492587605713785,1026
80,"extremely skewed",0.281176567009465,0.15527529243828,1026
100,"equally abundant",0.8032492,0.496487806575383,1026
100,"intermediate",0.801553844919253,0.486016006433192,1026
100,"extremely skewed",0.410254246335375,0.225033251551518,1026
120,"equally abundant",0.811965833333333,0.496894910843927,1026
120,"intermediate",0.812774777985549,0.49059222937432,1026
120,"extremely skewed",0.346679663081442,0.215290586696974,1026
150,"equally abundant",0.810598266666667,0.494338440450412,1026
150,"intermediate",0.825382829581677,0.490690839675734,1026
150,"extremely skewed",0.559493570195355,0.265044649630472,1026
180,"equally abundant",0.807185555555555,0.494550286803067,1026
180,"intermediate",0.802486624855272,0.489987222474005,1026
180,"extremely skewed",0.503035040592596,0.263810114671093,1026
200,"equally abundant",0.8032532,0.488255167734745,1026
200,"intermediate",0.799303810214858,0.485333561138394,1026
200,"extremely skewed",0.0453199216134383,0.0261037366779436,1026
10,"equally abundant",0.802074,0.445062440349769,1027
10,"intermediate",0.760132266223888,0.430273341591053,1027
10,"extremely skewed",0.207124207002206,0.111764520502301,1027
20,"equally abundant",0.831788,0.453015349322079,1027
20,"intermediate",0.81722723619099,0.456041794175468,1027
20,"extremely skewed",0.229883157290093,0.115696400906823,1027
30,"equally abundant",0.823458666666667,0.464417879362938,1027
30,"intermediate",0.819931733261461,0.452283975407813,1027
30,"extremely skewed",0.287529142380805,0.140903135510784,1027
40,"equally abundant",0.802811,0.467842480059293,1027
40,"intermediate",0.807476144847281,0.468299953572428,1027
40,"extremely skewed",0.391699693408753,0.231941280890275,1027
50,"equally abundant",0.7933732,0.464494887910052,1027
50,"intermediate",0.794571379792544,0.454359387394546,1027
50,"extremely skewed",0.315698131734052,0.219731803504813,1027
60,"equally abundant",0.781938666666667,0.462995492952519,1027
60,"intermediate",0.772115224205614,0.462763522969438,1027
60,"extremely skewed",0.204405946926102,0.0970544577538054,1027
70,"equally abundant",0.785564857142857,0.474852666546494,1027
70,"intermediate",0.792352031396384,0.472857467028618,1027
70,"extremely skewed",0.287019049884593,0.208939579595778,1027
80,"equally abundant",0.792129,0.475245694736763,1027
80,"intermediate",0.780634858793718,0.476461792591075,1027
80,"extremely skewed",0.574883414623631,0.290897089782048,1027
100,"equally abundant",0.7805846,0.470739268434748,1027
100,"intermediate",0.775035967807751,0.46486238242219,1027
100,"extremely skewed",0.241657251051409,0.144597449019103,1027
120,"equally abundant",0.779255166666667,0.470651127730376,1027
120,"intermediate",0.783641039978531,0.468549994279147,1027
120,"extremely skewed",0.650654973250147,0.31652900796449,1027
150,"equally abundant",0.805395866666668,0.483484097238912,1027
150,"intermediate",0.811051204777372,0.484230258629968,1027
150,"extremely skewed",0.617181626641378,0.342658427946187,1027
180,"equally abundant",0.805012,0.479282752177041,1027
180,"intermediate",0.809396417208851,0.475466732470526,1027
180,"extremely skewed",0.604422090883138,0.273664569181083,1027
200,"equally abundant",0.8053548,0.483000541486051,1027
200,"intermediate",0.80943928679283,0.490257249067771,1027
200,"extremely skewed",0.60935646462595,0.259677116751268,1027
10,"equally abundant",0.896458,0.450522111358466,1028
10,"intermediate",0.877217012814332,0.414692098400664,1028
10,"extremely skewed",0.180346907216452,0.0655929670719983,1028
20,"equally abundant",0.843743,0.437773532902945,1028
20,"intermediate",0.794571459376065,0.408618871436098,1028
20,"extremely skewed",0.0482699916552928,0.0355931064109524,1028
30,"equally abundant",0.781662,0.430370366067171,1028
30,"intermediate",0.825843273897021,0.43734023448379,1028
30,"extremely skewed",0.0549595713831214,0.0266083284119462,1028
40,"equally abundant",0.813929,0.472327425666628,1028
40,"intermediate",0.837902354331996,0.464840932963256,1028
40,"extremely skewed",0.0497136126399843,0.0338887048235511,1028
50,"equally abundant",0.822712,0.498158853410086,1028
50,"intermediate",0.818771939340651,0.495232397030678,1028
50,"extremely skewed",0.0786982238422113,0.0509488689582518,1028
60,"equally abundant",0.822971,0.499123257085255,1028
60,"intermediate",0.841333741387742,0.496522764534228,1028
60,"extremely skewed",0.0794127289078584,0.0421075587045472,1028
70,"equally abundant",0.826233714285714,0.510651843464633,1028
70,"intermediate",0.826804954187925,0.49523497550909,1028
70,"extremely skewed",0.438602922194602,0.199513295810667,1028
80,"equally abundant",0.82987375,0.510355248748747,1028
80,"intermediate",0.83794584590728,0.527811678979697,1028
80,"extremely skewed",0.377382833331721,0.224949592770138,1028
100,"equally abundant",0.8359472,0.514224427483554,1028
100,"intermediate",0.83301944557035,0.5135774797373,1028
100,"extremely skewed",0.537934139010993,0.277798980710949,1028
120,"equally abundant",0.829844666666667,0.51113375473536,1028
120,"intermediate",0.820722089772006,0.508519760479299,1028
120,"extremely skewed",0.817356602304682,0.526259443135332,1028
150,"equally abundant",0.828162266666667,0.507980533729731,1028
150,"intermediate",0.814357661627292,0.500361219310053,1028
150,"extremely skewed",0.775525492451031,0.392871677559579,1028
180,"equally abundant",0.820589222222222,0.509193082030782,1028
180,"intermediate",0.814481702583044,0.506401288922509,1028
180,"extremely skewed",0.764212401362819,0.480404412601773,1028
200,"equally abundant",0.810580699999999,0.504611729897461,1028
200,"intermediate",0.794857778191967,0.500827056969797,1028
200,"extremely skewed",0.179493429938862,0.100869066802777,1028
10,"equally abundant",0.773446,0.387491159539764,1029
10,"intermediate",0.840625213159415,0.38831268216832,1029
10,"extremely skewed",0.0146268015632058,0.0107179590937495,1029
20,"equally abundant",0.801673,0.42956159878817,1029
20,"intermediate",0.785403440484104,0.424627236522589,1029
20,"extremely skewed",0.108286007553998,0.0790005154802619,1029
30,"equally abundant",0.781845333333334,0.429264411747523,1029
30,"intermediate",0.802821064826751,0.428254784057592,1029
30,"extremely skewed",0.273559128982906,0.149354743651503,1029
40,"equally abundant",0.7872695,0.443937267536092,1029
40,"intermediate",0.781595245440476,0.451755570780812,1029
40,"extremely skewed",0.250873637139274,0.163009305007822,1029
50,"equally abundant",0.7926336,0.469704391917345,1029
50,"intermediate",0.80222865191356,0.46784890616043,1029
50,"extremely skewed",0.61483107926298,0.3481974383195,1029
60,"equally abundant",0.809491333333333,0.477606360003698,1029
60,"intermediate",0.787178479705895,0.468314254209253,1029
60,"extremely skewed",0.830391367399694,0.440663410429457,1029
70,"equally abundant",0.801726571428571,0.469235477902014,1029
70,"intermediate",0.806191185817477,0.472249804920692,1029
70,"extremely skewed",0.596688449612241,0.320663153376651,1029
80,"equally abundant",0.809201,0.490788030968069,1029
80,"intermediate",0.797269342019084,0.483446993659332,1029
80,"extremely skewed",0.955485008224756,0.37113704425431,1029
100,"equally abundant",0.7937624,0.47809258530503,1029
100,"intermediate",0.792552898151852,0.481216782798801,1029
100,"extremely skewed",0.556707518957493,0.329917495190108,1029
120,"equally abundant",0.793349833333333,0.477351532511161,1029
120,"intermediate",0.787187128539232,0.469660480286713,1029
120,"extremely skewed",0.821589655655576,0.379007019327837,1029
150,"equally abundant",0.796890400000001,0.48211690682136,1029
150,"intermediate",0.78917497750272,0.478204164117638,1029
150,"extremely skewed",0.702678284344856,0.396949631330034,1029
180,"equally abundant",0.790975555555555,0.477980557560378,1029
180,"intermediate",0.782564490058253,0.477491899009426,1029
180,"extremely skewed",0.754087068088424,0.412884880997214,1029
200,"equally abundant",0.788557,0.474021499004507,1029
200,"intermediate",0.790819050738513,0.472069677610773,1029
200,"extremely skewed",0.694869237982173,0.373975271990912,1029
10,"equally abundant",0.8636,0.436714178798747,1030
10,"intermediate",0.812640178879017,0.417700523093351,1030
10,"extremely skewed",0.00172199087899329,0.000959832151543484,1030
20,"equally abundant",0.863157,0.467313672908001,1030
20,"intermediate",0.872360339895941,0.460537612194956,1030
20,"extremely skewed",0.00228288655216731,0.00145419273620018,1030
30,"equally abundant",0.847252,0.479050907617683,1030
30,"intermediate",0.824183664552703,0.467386682419069,1030
30,"extremely skewed",0.25690475335219,0.16601539728236,1030
40,"equally abundant",0.8117755,0.481117798830103,1030
40,"intermediate",0.881175059882832,0.485427800060867,1030
40,"extremely skewed",0.00739431400196147,0.00573201677040663,1030
50,"equally abundant",0.836346,0.490442200907884,1030
50,"intermediate",0.843560820216706,0.486684895666685,1030
50,"extremely skewed",0.537882429313421,0.262375786925909,1030
60,"equally abundant",0.847997333333333,0.516682386677239,1030
60,"intermediate",0.843467423043168,0.511071488313469,1030
60,"extremely skewed",0.433453206430786,0.244375599687964,1030
70,"equally abundant",0.86087,0.520194864318204,1030
70,"intermediate",0.849383324719491,0.509365922121912,1030
70,"extremely skewed",0.261308794054292,0.162489764475469,1030
80,"equally abundant",0.85030475,0.513363751393041,1030
80,"intermediate",0.846000593673486,0.501771060609914,1030
80,"extremely skewed",0.639533567240152,0.256517768837841,1030
100,"equally abundant",0.8527896,0.516144684725421,1030
100,"intermediate",0.849504330003992,0.510210423360968,1030
100,"extremely skewed",0.29451446982577,0.0968173390984796,1030
120,"equally abundant",0.841707666666667,0.512142706920938,1030
120,"intermediate",0.820579652317242,0.511251005744052,1030
120,"extremely skewed",0.402127137005957,0.271016391168509,1030
150,"equally abundant",0.845508266666667,0.50897920511889,1030
150,"intermediate",0.836194387630655,0.502593377202265,1030
150,"extremely skewed",0.557527187938063,0.29329909793071,1030
180,"equally abundant",0.847082222222222,0.505507372233335,1030
180,"intermediate",0.855854309611208,0.507441452645188,1030
180,"extremely skewed",0.111199015405392,0.0674400458445292,1030
200,"equally abundant",0.8544613,0.513148015579357,1030
200,"intermediate",0.849972290968071,0.508129287589472,1030
200,"extremely skewed",0.785787709826778,0.419530549371894,1030
