"size_difference","shared_otu","comA_HMAa","comB_HMAa","All_HMAa","HMAb","Rao_beta","UniFrac","seed"
0,0,0.236813768495243,0.183202063731139,0.407666401100811,0.39531696997524,0.271558081236888,0.572963883365132,1001
20,0,0.203863249951428,0.184045931525793,0.344383227083564,0.300857272689907,0.244993235269442,0.52416095621592,1001
40,0,0.216918648457087,0.270446845876638,0.330344022453864,0.173322550574001,0.160517271257047,0.340196530494216,1001
60,0,0.111311259289133,0.33830513870594,0.574453088207012,0.699289778418952,0.366068513537042,0.864849787351711,1001
0,0,0.319456385816001,0.13678980621424,0.370790418250097,0.285334644469952,0.211698280288658,0.383761641040891,1001
20,0,0.158686699206932,0.181947903727401,0.352708501864936,0.364782400795539,0.287640466191357,0.473444592901409,1001
40,0,0.127981156000601,0.204694708766132,0.303660733564667,0.274645602362601,0.248554924186801,0.397849188836597,1001
60,0,0.160984022801789,0.271665473339907,0.32676156649665,0.220873636851603,0.197609650378683,0.460026622559233,1001
0,0,0.196834244020987,0.282746572761059,0.359845983005348,0.24011114922865,0.192990198416996,0.388535778496504,1001
20,0,0.186082349768714,0.249999929597875,0.3294928429154,0.22290340646421,0.197761510327972,0.461558536153646,1001
40,0,0.196845267797128,0.403994661738664,0.372740428602588,0.144640927669384,0.114218316144692,0.395046586377005,1001
80,0,0.182625107677187,0.376639401133889,0.322590402572634,0.085916296334192,0.0907789676747294,0.307650298792112,1001
0,0,0.215687015767889,0.231531357704266,0.414921107353397,0.382623841234639,0.261422209507989,0.528368804288598,1001
20,0,0.191555599324371,0.350812752515726,0.365282535902447,0.188196719964797,0.153591469668843,0.438179634589234,1001
40,0,0.211584703938563,0.369547296013285,0.32780863899224,0.0744852780326324,0.0793769322601112,0.283063827795552,1001
80,0,0.385997985604223,0.608377664479399,0.568971337898366,0.14356702571311,-0.00492954462961737,0.534181465284532,1001
0,0,0.0829080706116417,0.125553897399969,0.273549658003549,0.338637347995487,0.313807887122638,0.80244484504587,1002
20,0,0.102611875498536,0.126129506706035,0.316132873589886,0.4035243649752,0.334728016414791,0.796677062514961,1002
40,0,0.133284259873383,0.319112812279932,0.375350872760314,0.298304673367313,0.222042881714858,0.791559021369645,1002
60,0,0.128527131528993,0.338340527343799,0.350461656663217,0.234055654453642,0.194975014787178,0.759998306066816,1002
0,0,0.14359095360685,0.284383712530548,0.36391693475503,0.299859203372663,0.234749063997983,0.458689774917642,1002
20,0,0.149296465865874,0.28217039812009,0.320732916849475,0.209998969712985,0.19341827185399,0.352398324430925,1002
40,1,0.244186593750084,0.184471499396504,0.374618996039655,0.32057989893272,0.242033936965247,0.48690903203969,1002
60,1,0.253185065802124,0.215824919313728,0.267064862309027,0.0651197395022018,0.0959176737421705,0.196646279380292,1002
0,1,0.277663732879669,0.25492069435807,0.360178366270306,0.187772305302874,0.155671456658855,0.431527899195431,1002
20,1,0.335545185217199,0.261254939382667,0.407932825059673,0.219065525519479,0.149345700972638,0.476833704159225,1002
40,1,0.225459213189567,0.124593589562558,0.339089263856978,0.328125724961832,0.2689900758333,0.465635056966233,1002
80,1,0.317902899576614,0.151069438405676,0.364419082862583,0.259865827742877,0.205254187506835,0.381996694866346,1002
0,1,0.122049966694819,0.216323622117356,0.323662332551167,0.308951076290159,0.263707279483587,0.47121617601475,1002
20,1,0.144439584890471,0.292497635069919,0.339828635500071,0.242720051039753,0.20025550689992,0.388298882093811,1002
40,1,0.325944996266166,0.148419061112384,0.365412897576336,0.256461737774122,0.202223658846764,0.378278798067141,1002
80,1,0.158688710921958,0.315012734879369,0.399669018513499,0.325636591225671,0.230544209657009,0.512250082601496,1002
0,0,0.0316815261325433,0.178377172342525,0.301953651115761,0.393848603756454,0.337737683710897,0.457886609411118,1003
20,0,0.162912407091041,0.494014868229012,0.465819227155274,0.274711178990495,0.15039581016761,0.574626774066962,1003
40,0,0.242933991519523,0.378621926007376,0.39077380238799,0.15999168724908,0.118064544741319,0.398349014199225,1003
60,0,0.0127438761019825,0.384261038194531,0.332021156000643,0.267037397704772,0.228031822214933,0.474688568269929,1003
0,0,0.0281238562633702,0.0471373078795778,0.46378065599363,0.852300147844313,0.546711029949819,0.977790867369109,1003
20,0,0.0282182798494631,0.35001219263959,0.360861283836879,0.343492095184705,0.267661741304779,0.453155102250466,1003
40,0,0.0154490204464552,0.378725412071994,0.303432721398489,0.212691010278529,0.199556350945788,0.383883448196007,1003
60,0,0.0241883564581436,0.306463689358132,0.321754192682897,0.312856339549518,0.268730689773437,0.476513745770459,1003
0,0,0.29096576824427,0.0588489252164836,0.363169512698255,0.376524331935757,0.287011679867047,0.556554870897591,1003
20,0,0.0343762948609816,0.349081189622936,0.338789901548493,0.294122318613067,0.244978025946316,0.435908515686112,1003
40,0,0.0480226464779813,0.365621932228349,0.35013739185838,0.286630205010429,0.232818953392149,0.478090254134328,1003
80,0,0.283216333081469,0.395168998932285,0.390069715929824,0.101754099845892,0.0743208898274036,0.370579136730278,1003
0,0,0.0668124225716253,0.380984073353387,0.397353176210643,0.346909856496274,0.246982882421699,0.529478589286851,1003
20,0,0.528845842753913,0.37166016822413,0.527266105733699,0.154026200489355,0.0305653702050621,0.548899724112657,1003
40,0,0.409067102696749,0.427810036321141,0.464178621814383,0.0914801046108755,0.025831613719117,0.433250846369624,1003
80,0,0.405558796727287,0.444642285357703,0.475433826160386,0.100666570235782,0.0266285479836863,0.427665574525377,1003
0,0,0.209640413404851,0.356690743859538,0.384130551867812,0.201929946471235,0.151775661704421,0.438666746768197,1004
20,0,0.252749906084597,0.183044753695369,0.284921123242781,0.134047586705594,0.150191480085571,0.331333584764045,1004
40,0,0.256451185954669,0.304380039006056,0.396264310621615,0.231697396282506,0.166380197007325,0.431799839424176,1004
60,0,0.177178778776056,0.326707680000456,0.365512966018612,0.227139473260714,0.181717242327351,0.478055776378378,1004
0,0,0.295776951831894,0.334800134610876,0.427077406463297,0.223577726483824,0.139913879735473,0.429361961111184,1004
20,0,0.288367360216727,0.177577403069285,0.278516099174449,0.0910874350628868,0.127655625904043,0.448850034942117,1004
40,0,0.357819486633314,0.395975960808379,0.46706125952681,0.180327071611927,0.0811283381598361,0.462954434618854,1004
60,0,0.215877005919839,0.363495948271513,0.349572026299532,0.119771098407712,0.102569759081718,0.380605239105108,1004
0,0,0.398252832473519,0.298600699901467,0.397944974030208,0.0990364156854298,0.0650488052375084,0.401227371791278,1004
20,0,0.291281579361917,0.410693100087829,0.403666727119675,0.105358774789604,0.0646654556868365,0.379375828732834,1004
40,0,0.373782082011835,0.325099129760259,0.386142724309004,0.0734042368459144,0.0504757798135775,0.359615016417988,1004
80,0,0.558890706884948,0.450981314977555,0.563463529283484,0.117055036704466,-0.0212840095950945,0.494242223660693,1004
0,0,0.538659474758191,0.363966863097272,0.545376393217547,0.188126448579632,0.0369550966747187,0.528323979070848,1004
20,0,0.342393800896074,0.406115003837405,0.421974401788552,0.0954399988436245,0.0515491698498364,0.370671669189225,1004
40,0,0.358272272737398,0.326397290529034,0.432673586476789,0.180677609687146,0.107170220435778,0.418543959466331,1004
80,0,0.599170705737885,0.38561036520528,0.570841744017102,0.156902417091038,0.00282415964145216,0.558894392886488,1004
0,0,0.00680293265099711,0.171587710028934,0.252453052671778,0.326515462663625,0.297603850076474,0.418164617210346,1005
20,0,0.00785041787155374,0.118308525440004,0.28809761131776,0.450036279323962,0.384616246467865,0.495666969811514,1005
40,0,0.00717093063817871,0.122060390620774,0.249311196423656,0.369391071588359,0.349659495694359,0.479951610558155,1005
60,0,0.00783159492854929,0.142796122214957,0.326789786121776,0.502951855100046,0.399812772071588,0.530746909336383,1005
0,0,0.0601181068541757,0.0115342595328707,0.2845884577036,0.497524549020154,0.420971461449961,0.473549238510745,1005
20,0,0.0165523208645488,0.243131802524481,0.341681982597916,0.423679841806801,0.335580481244419,0.553586840259346,1005
40,0,0.0131102295189472,0.181686188722419,0.317083503815278,0.43937058938919,0.36019732690951,0.517239418290552,1005
60,0,0.00890873434884495,0.22596460101696,0.159996485346881,0.0851196353279562,0.162740316609698,0.216827188221023,1005
0,0,0.0802058240443082,0.0132649792748729,0.263681032528965,0.433891261738749,0.388182654912412,0.482045806061729,1005
20,0,0.0772641717682631,0.0275838168968064,0.222584247906559,0.340320507148048,0.342954938659574,0.329964862685746,1005
40,0,0.013433556641115,0.188792511963913,0.144182879993407,0.0861396913817861,0.169547631836899,0.197855077654014,1005
80,0,0.0170467589688383,0.275136021427029,0.238103128618381,0.184023476840895,0.21219018869321,0.314443171670977,1005
0,0,0.027392021473009,0.172641994478224,0.313659949786942,0.42728588362265,0.35338907889518,0.484641501992243,1005
20,0,0.0191161111614619,0.178372578121454,0.288298595100728,0.37910850091854,0.334789293817434,0.449563794633873,1005
40,0,0.0314592808910906,0.341812791797927,0.353238620525955,0.333205168362893,0.263980861116937,0.46380407276051,1005
80,1,0.0197405457174925,0.289531198975855,0.31559863917115,0.321925533648953,0.278895253884474,0.461395554396343,1005
0,0,0.182423145936124,0.0656280456772496,0.331396921469638,0.414742651325903,0.333542539760051,0.525107629558941,1006
20,0,0.145796074818665,0.122713252653357,0.312081878136526,0.355654428801029,0.304777590363043,0.4996656153405,1006
40,0,0.169526248665539,0.139540161845186,0.327590385865017,0.346114361219308,0.287758201425485,0.515674515668459,1006
60,0,0.0422685314702943,0.324091129457104,0.330077397410113,0.293795133892828,0.248566881462859,0.423085024454225,1006
0,0,0.110584388973892,0.339654565109365,0.386091088858941,0.321943223634625,0.234769056441473,0.526381170627155,1006
20,0,0.09472357570875,0.15890003120159,0.317283886446326,0.380944165982312,0.319212611583062,0.522258404059434,1006
40,0,0.277111363695505,0.267902682409282,0.423612337032698,0.302210627960608,0.200662594605576,0.501640525386542,1006
60,0,0.206183281583547,0.282870455294424,0.362677889093108,0.236302041308245,0.189311612674441,0.427165035741046,1006
0,0,0.169765759618279,0.186330975604618,0.190775229371967,0.0254537235210364,0.0810362856503133,0.104618741478132,1006
20,0,0.140932934055638,0.0334862017410052,0.170725175722764,0.167031215648884,0.233015340513573,0.257851308483531,1006
40,0,0.204459282166958,0.297150876992222,0.380305469772827,0.259000780386476,0.186836574743247,0.475640498014059,1006
80,0,0.204459282166958,0.0725276513324672,0.317156886990408,0.35732684048139,0.302594578637169,0.515813680064995,1006
0,0,0.207782276567565,0.259001935786009,0.37607449156977,0.285364770785966,0.217087858099336,0.475828284011605,1006
20,0,0.203273989432012,0.0352151306991436,0.277863225851787,0.317237331572419,0.295975524390268,0.446626741800241,1006
40,0,0.1700312931203,0.0337389100578733,0.287531996800359,0.371293790422545,0.329434164794884,0.508317605076971,1006
80,0,0.192313432383431,0.0574366422841598,0.315295243765362,0.380840412863133,0.319364295303876,0.540687231206921,1006
0,0,0.0160123128141845,0.0568343401328803,0.220054700370831,0.367262747794598,0.364601747872717,0.349743731987956,1007
20,0,0.0581986512967127,0.197980625599224,0.302585664704148,0.34899205251236,0.303917606174018,0.472850233520888,1007
40,0,0.0160123128141845,0.127653795998865,0.24116700608457,0.33866790335609,0.332019929391754,0.359247153201546,1007
60,0,0.0454361184878954,0.201462934611369,0.304575691630692,0.362252330162119,0.309801300521239,0.503449040686071,1007
0,0,0.0254370758155703,0.0992101100549773,0.22895889785669,0.333270609842832,0.334640222854601,0.367189786536038,1007
20,0,0.0384946619014854,0.096954241265038,0.301842345479926,0.468235787793329,0.39019597894459,0.541839083210284,1007
40,0,0.0298628302426666,0.011903890327692,0.285276529306636,0.528786338042913,0.442682491242966,0.474153696985687,1007
60,0,0.0290716064849281,0.0117394491378,0.243868199525101,0.446925343427474,0.408816561397205,0.477246721608102,1007
0,0,0.0411134113915516,0.0856717722692024,0.261277449249648,0.395769714838543,0.362025357916792,0.483722860348589,1007
20,0,0.14372597143782,0.278231749729727,0.280562239709338,0.139166758251128,0.156346372223462,0.302878690091168,1007
40,0,0.038948826177901,0.0142010777173939,0.271465502575586,0.489781101255878,0.423808972602212,0.52585876948861,1007
80,0,0.0445699459508581,0.102322047227317,0.302302023992714,0.457712054807253,0.383078232759074,0.427776619605216,1007
0,0,0.0978677347663492,0.266988403632819,0.487188204144541,0.609520269889915,0.364672502525518,0.848114260103992,1007
20,0,0.0510997443198055,0.0169956542206573,0.224802064150551,0.381508729760639,0.37235587145482,0.477828347557746,1007
40,0,0.356858608988724,0.334985257362471,0.512269771659388,0.332695676967582,0.160257872556812,0.733388157469686,1007
80,0,0.0457392566429154,0.0508720755997126,0.229900124895225,0.363188917547822,0.356245932483188,0.47467107153394,1007
0,0,0.0583119020099477,0.4622636599429,0.527477959218722,0.534380356484597,0.28956967109554,0.771455017370415,1008
20,0,0.0278495921200169,0.328172032190802,0.328752578172768,0.301483532034717,0.254897813829844,0.494805390372011,1008
40,0,0.184282087222054,0.402195383710632,0.400911027021832,0.215344583110979,0.150406177761434,0.475616842493164,1008
60,0,0.295480429905437,0.2997879514409,0.395499851667791,0.195731321989244,0.140634141231115,0.479453394167936,1008
0,0,0.329157644202602,0.241200388262089,0.374665122146954,0.178972211829217,0.140754169277548,0.427660051835391,1008
20,0,0.321311704378737,0.261942200434749,0.388795700797823,0.19433749678216,0.143978377335092,0.434271045480116,1008
40,0,0.34763760009762,0.359908091689043,0.440829586965385,0.174113482144107,0.099280076696899,0.431789678047514,1008
60,0,0.356760873682322,0.328025874405536,0.422672650287042,0.160558552486227,0.100867685313734,0.439297501412601,1008
0,0,0.47684510477765,0.323181287316086,0.468855065320635,0.137683738547534,0.0539855331333961,0.458464398877872,1008
20,0,0.365641273195315,0.29617399117842,0.416948854537191,0.172082444700648,0.112674010755874,0.460215167228881,1008
40,0,0.29337811886786,0.532769095745413,0.553965476377694,0.281783738142115,0.0934772930284523,0.581558760620558,1008
80,0,0.330470932424948,0.470139873808327,0.4725645730221,0.144518339810925,0.0570331144694724,0.440193189028334,1008
0,0,0.294354816754133,0.343049807498649,0.402176445626812,0.166948267000842,0.116119134489834,0.398863439417658,1008
20,0,0.499992533985784,0.288031292699185,0.468844974045683,0.149666121406397,0.0609344069219594,0.492016108833768,1008
40,0,0.34436478908063,0.440932323631191,0.479994411652319,0.174691710592816,0.0745884885437112,0.463464486679515,1008
80,0,0.265565127596423,NA,NA,NA,NA,0.447743447962267,1008
0,0,0.0106197114478945,0.0664135003607258,0.360010346968105,0.642987482127591,0.471704557570147,0.97967393164725,1009
20,0,0.00527708832964453,0.106331997702087,0.26953141965006,0.427453753268389,0.380694794596786,0.985028328998512,1009
40,0,0.0976742773040446,0.0369879949400532,0.328516839311368,0.522371406378638,0.41210780981632,0.594332521020786,1009
60,0,0.0496749177495639,0.0644065525235486,0.219692854474073,0.325304238675034,0.32737879073076,0.253802960863939,1009
0,0,0.27864393057035,0.0232495676772607,0.344409696847481,0.386925895447352,0.307580500831272,0.521059959914575,1009
20,0,0.235359850950295,0.0602600657506982,0.282086858279949,0.268553799858905,0.257670664424906,0.379371917946908,1009
40,1,0.0390574524611225,0.248022478712151,0.338542821456247,0.390005711739222,0.312863056356278,0.519378032093073,1009
60,1,0.0564224258584072,0.370493728132092,0.368080289374699,0.309244424758899,0.238696379102069,0.482377429906174,1009
0,1,0.0470859977389192,0.229361825522913,0.336509446378083,0.396571069494334,0.318672944880139,0.519486585160573,1009
20,1,0.0554501718588047,0.303926800194623,0.32035571658945,0.281334461125471,0.24541287999252,0.423786392504692,1009
40,1,0.0593811350606223,0.337036188908859,0.340913931733854,0.285410539498226,0.237421315982205,0.495676703780627,1009
80,1,0.0589356206324687,0.235559987155293,0.339464855386979,0.384434102986196,0.306910290285844,0.486520328140275,1009
0,2,0.0577237174716936,0.211056230764593,0.27582448133211,0.282869014427932,0.271332454694765,0.329809366713728,1009
20,2,0.0565304923545883,0.391412407592447,0.343808200701232,0.23967350145543,0.198363191358282,0.462615023845192,1009
40,2,0.174151820074022,0.201711913832744,0.353402414251957,0.330941094597146,0.261167640776695,0.471813159340723,1009
80,2,0.364194946941222,0.0804636638393534,0.333703937462732,0.222749264144889,0.195009944636093,0.448451646972475,1009
0,0,0.123871007829482,0.223894384427864,0.355434467961355,0.363103543665365,0.282759036980248,0.51965529029629,1010
20,0,0.180941048437016,0.265210898357691,0.472600772109412,0.499049597424118,0.303634992441915,0.886771731113424,1010
40,0,0.226347603332781,0.147705603901936,0.328562810791738,0.28307241434876,0.243180343359424,0.44481609434312,1010
60,0,0.354790403548951,0.216774996607437,0.381816736682778,0.192068073209168,0.137843828178761,0.379723649727621,1010
0,0,0.14876992049911,0.257404688069807,0.318746822546925,0.231319036524934,0.210898543083853,0.414459474615037,1010
20,0,0.373304077553867,0.147352841399614,0.370524336311934,0.220391753670387,0.164876294983418,0.406902296179413,1010
40,0,0.337736731969154,0.222391809655,0.403204705779886,0.246280869935618,0.173370951721917,0.508630285041617,1010
60,0,0.303574497506686,0.239905409904754,0.425083318504312,0.306686729597184,0.201161874993133,0.515884143827894,1010
0,0,0.290343624850689,0.113581393338823,0.300540798937387,0.197156579685262,0.193458010592046,0.393070560765507,1010
20,0,0.204604323865884,0.140878029521095,0.256899410827034,0.16831646826709,0.193823493558158,0.526481785595916,1010
40,0,0.320068373116534,0.276532360284075,0.508783106936496,0.420965480472384,0.225709958086647,0.821676936380534,1010
80,1,0.341312258847663,0.354661410191776,0.441842958330953,0.187712247622466,0.107661287048434,0.460730689873718,1010
0,0,0.343520631776014,0.312997561650632,0.379560655908423,0.1026031183902,0.081664913909251,0.35398003059697,1010
20,1,0.329173079185184,0.211006174270666,0.388364250441216,0.236549247426581,0.172244933319414,0.451632140247239,1010
40,1,0.195194923382835,0.231979232573827,0.266825090278102,0.106476024599543,0.134134248661021,0.503937458155545,1010
80,1,0.328350912771563,0.314383829443952,0.376007832109962,0.109280922004408,0.0894963386506138,0.402468422428607,1010
0,0,0.115091370912459,0.0134305232225649,0.255693345548923,0.382864796962823,0.356063006248486,0.49078287745338,1011
20,0,0.115091370912459,0.0227140008383725,0.257324152357376,0.37684293296392,0.350774201109502,0.48854713976552,1011
40,0,0.0762883137024605,0.0357533512400391,0.309249953019289,0.506458241096079,0.411398670496587,0.513508730159496,1011
60,0,0.115091370912459,0.101447335377735,0.269694115806951,0.322849525323708,0.303333142671573,0.464661124335069,1011
0,0,0.133195576966765,0.0260384110822604,0.342479852802024,0.525725717555023,0.405442879521861,0.558215863841033,1011
20,0,0.14729024439768,0.0365188823745924,0.275691702048965,0.367574277325657,0.334130525753482,0.472553660671084,1011
40,0,0.153282014475415,0.0553391494843926,0.254804584876281,0.300988005792755,0.29567592987962,0.443359495034113,1011
60,0,0.024587736357976,0.231003959925326,0.215151598534152,0.174711500785002,0.219060460576815,0.293540884738095,1011
0,0,0.180163869112489,0.0386893976070096,0.267148589009013,0.315443911298526,0.300886279403425,0.470519124170021,1011
20,0,0.0371939402794786,0.194106428474675,0.198921308862116,0.166542248970079,0.220687900965108,0.276825435363583,1011
40,0,0.0384939632246089,0.435715919228415,0.515427046824467,0.55664421119591,0.309816939583904,0.797185723568164,1011
80,0,0.167380694909055,0.341528015275529,0.299013170818241,0.0891176314518964,0.110667907030719,0.263308145577917,1011
0,0,0.0468554682963402,0.258767159878515,0.299317246698671,0.293011865222488,0.266310220363113,0.391414533798102,1011
20,0,0.110459011778274,0.487165367482842,0.533084815665487,0.468545252069858,0.241562571569914,0.759520462036938,1011
40,0,0.244196024748018,0.384255972500581,0.389534089885102,0.150616182521605,0.109461219462266,0.376978983802679,1011
80,0,0.152116269410572,0.430174689720906,0.407732778524684,0.23317459791789,0.158340969277088,0.522398196003374,1011
0,0,0.133749894337875,0.0998753642686449,0.323376378580764,0.413127498555008,0.338640095600893,0.772762757210505,1012
20,0,0.13133917812863,0.0323377444306709,0.257045884764504,0.350414846969707,0.332021386096987,0.79350894430475,1012
40,0,0.175361499844584,0.0477235142636302,0.326625890207587,0.430166766306958,0.34880236258529,0.84329930487561,1012
60,0,0.135978389097302,0.0586414247842201,0.140644018106648,0.0866682223317738,0.170424287636617,0.373852780476379,1012
0,0,0.218913807944568,0.0532193123776003,0.311537663154258,0.350942205986348,0.300179598392548,0.788853063248217,1012
20,0,0.190544219544215,0.0498072104213641,0.230515697492832,0.220679965020084,0.248448719508691,0.470050175585825,1012
40,0,0.10831675538024,0.437556708330658,0.417271497931238,0.288669532151577,0.193988429817493,0.798364891189926,1012
60,0,0.236376774064786,0.0590199750877205,0.357455749063608,0.419514748974709,0.323204351942582,0.531257234912398,1012
0,0,0.263516952646062,0.208115112195289,0.391841964566558,0.312051864291765,0.226472399678315,0.806319602651104,1012
20,0,0.198106522004214,0.0614072907860093,0.285432790756083,0.311351768721943,0.28765741895025,0.528630803264103,1012
40,0,0.282746090869631,0.0680648313985708,0.357182228020783,0.363553533773365,0.284053305830812,0.470902786096396,1012
80,0,0.263516952646062,0.0944034969202235,0.369143049929106,0.380365650291927,0.287041593942984,0.533885035935719,1012
0,0,0.211583736530512,0.171423431087244,0.347570140006536,0.312133112395316,0.252345312116017,0.477163342928935,1012
20,0,0.312159602708719,0.105837769302722,0.512466281505798,0.606935191000155,0.350597919778836,0.922799307315039,1012
40,0,0.0478949573535753,0.260876523081316,0.300080060314809,0.291388640194727,0.262738135095936,0.508364671786796,1012
80,0,0.339801649530411,0.106547223326322,0.36910224627122,0.291855619685706,0.226379860541867,0.409991606344034,1012
0,0,0.00228943325988692,0.00941539926269581,0.290597766652822,0.569490700783061,0.468464474153178,0.473633266435127,1013
20,0,0.0109012419008363,0.280179402952603,0.420057592050542,0.549034539247645,0.371333165513224,0.52016971930656,1013
40,1,0.00228943325988692,0.27565728339725,0.312579703703323,0.34721269074951,0.298416572580058,0.471610015258591,1013
60,2,0.0109012419008363,0.379397965985283,0.431746313090487,0.473193418294855,0.310830348619234,0.516273093880536,1013
0,1,0.00693788706705086,0.200674968223335,0.288976842751653,0.370340830212921,0.305380993466339,0.436396071093633,1013
20,2,0.00242579122107225,0.534865013599242,0.47652369252363,0.415756580226946,0.242092079319996,0.726696117793986,1013
40,2,0.0557511554171965,0.00832138132560957,0.252109808893609,0.440147081044413,0.399824370400533,0.43655872284002,1013
60,2,0.00609750537177817,0.32806778172439,0.344595462963586,0.355025638831005,0.285360139345089,0.542168433011765,1013
0,2,0.0588915863214098,0.0030720917717198,0.192656825916062,0.323349973738995,0.346692306008753,0.480101050067839,1013
20,2,0.00772137326889468,0.320204034647296,0.343803081860852,0.359680755805514,0.289115829393556,0.543679373795423,1013
40,2,0.204940775602058,0.00895529391794214,0.345558990160495,0.47722191080099,0.370547424576254,0.561918379222422,1013
80,2,0.00900189482800392,0.382800060336149,0.369276899324706,0.346751843485258,0.264570864602672,0.484418592126076,1013
0,1,0.229454381577363,0.00816271388240523,0.351136739434945,0.464656383410122,0.358349257786097,0.561105083946974,1013
20,1,0.0117400495420368,0.369256400616196,0.405067849643385,0.429139249128538,0.300044763375597,0.55748215635336,1013
40,1,0.00970387561193178,0.380218685536619,0.368738863672433,0.347555166196315,0.265449987742437,0.483931357073734,1013
80,1,0.38689121875845,0.412373304710373,0.4592795337017,0.119294543934578,0.0464661518030535,0.47352535779134,1013
0,0,0.00518169828188267,0.213325445954693,0.281394746303184,0.344282348369792,0.313045507966503,0.425634665643403,1014
20,0,0.12978535486657,0.234051211903346,0.311987505727339,0.260138444684763,0.234660274496572,0.488116428593992,1014
40,0,0.00151614506030295,0.305471627425157,0.220825468672158,0.134663164858855,0.178145747509058,0.349012687694155,1014
60,0,0.000353657303436916,0.304631406748046,0.206224873057354,0.107464682063226,0.161027365180306,0.272508861192536,1014
0,0,0.152242482784469,0.00826962668975056,0.277069008945422,0.393625908416624,0.352126210917193,0.479050051718505,1014
20,0,0.142504376659078,0.00162657231485778,0.259875251387635,0.375619553801335,0.348364554811805,0.493739014537376,1014
40,0,0.00271016558417861,0.354414920963796,0.29167798898845,0.226230891428926,0.214882642366924,0.428091406377255,1014
60,0,0.00567175417374717,0.415792007863485,0.348352146645309,0.275240531253387,0.226211590115953,0.526429528246485,1014
0,0,0.00174259424736007,0.352343833051099,0.309417442875294,0.26474845845213,0.238457576589673,0.406246238985689,1014
20,0,0.00796062965218826,0.275548730676119,0.30176383389529,0.320018307462273,0.28540369150751,0.516063745187367,1014
40,0,0.00205590944376762,0.352389612237092,0.293685470489131,0.232925419297403,0.218192065503649,0.451698756803067,1014
80,0,0.00827031222145367,0.169822342202435,0.284691220199896,0.391289785975903,0.34588697278145,0.429279844239267,1014
0,0,0.00927181077287598,0.194599848856086,0.304008288343698,0.404144917058433,0.343579491676119,0.525706421821977,1014
20,0,0.0089232442677952,0.271861173003922,0.327648762498923,0.374513107726129,0.308927950871132,0.474145292812021,1014
40,0,0.00729334547560807,0.394768917068673,0.333994133273864,0.265926004003448,0.227834527586307,0.465754497070987,1014
80,0,0.371348505821562,0.263951523753825,0.40491256254039,0.174525095505392,0.116861390383915,0.467385824485729,1014
0,0,0.109927111130833,0.142996003816393,0.221675439815439,0.190427764683653,0.227222663639061,0.288633997025502,1015
20,0,0.280826942564303,0.214761473543778,0.320354813158453,0.145121210208826,0.14588216055604,0.36101351253946,1015
40,0,0.0974848181239347,0.278862887992599,0.370718135769863,0.365088565423192,0.276811073723872,0.534786589929195,1015
60,0,0.174035206407395,0.245802235339164,0.276195375920393,0.132553310094229,0.157525812724551,0.28985116875937,1015
0,0,0.362939346880758,0.16822516050145,0.384970079485798,0.238775651589388,0.17879715986844,0.475480352450379,1015
20,0,0.341195282482114,0.229466948581578,0.378547445678389,0.186432660293086,0.141638534027598,0.397037830174872,1015
40,0,0.133203695925166,0.248992382815159,0.349202769079214,0.316209459418103,0.253942620633585,0.459150771985736,1015
60,0,0.133203695925166,0.26656306761355,0.353548429113834,0.307330094688952,0.245092100643393,0.458773517572738,1015
0,0,0.193540197041423,0.221329558211472,0.354758556950682,0.29464735864847,0.235444674211941,0.449388450475425,1015
20,0,0.248776529573723,0.283664532569585,0.393497907091163,0.254554752039017,0.183823337835822,0.501263817846736,1015
40,0,0.408202669695572,0.252374888804808,0.386200650748306,0.111823742996233,0.0796173100035636,0.338893264611432,1015
80,0,0.229375845243024,0.211366186756024,0.284491171468804,0.128240310938559,0.150543404968272,0.275519060573707,1015
0,0,0.41154763922712,0.242198634128646,0.383972698424151,0.114199123492537,0.0827057179228681,0.337763989079969,1015
20,0,0.301877168056278,0.275337812826017,0.373797616130216,0.170380251378137,0.135009641269227,0.410583551480374,1015
40,0,0.286265826119536,0.32514680886367,0.428405431887142,0.245398228791078,0.15718690783593,0.502051314944077,1015
80,0,0.301349744643005,0.298632977709605,0.411827529582846,0.223672336813081,0.152066085131391,0.500041379398707,1015
0,0,0.00106599323089312,0.0507844807553183,0.235615631506719,0.419380789027227,0.393967890917651,0.747767044440445,1016
20,0,0.0366040244152487,0.366369187550205,0.334902886118651,0.266832560271848,0.228249245624893,0.451618221542988,1016
40,0,0.0139930137329907,0.549265993642774,0.423816474345084,0.284373941314403,0.185118824154369,0.575609826285258,1016
60,0,0.00242247979422526,0.0803162193348702,0.278850685550944,0.474962671972793,0.408201091851869,0.512839713753009,1016
0,0,0.00248427949324352,0.0310526261964877,0.133042902767432,0.232548899845133,0.304028808725405,0.244742184645325,1016
20,0,0.00287953241067982,0.0734980739818887,0.277169038360271,0.477960470327974,0.411429169133128,0.513192246303816,1016
40,0,0.0018914399956719,0.0868588089161466,0.27350441044993,0.458258571988042,0.399892948009172,0.503040078571182,1016
60,0,0.00310448585242774,0.104482618615808,0.245353126879277,0.383119149290317,0.362242250196089,0.482853584962953,1016
0,0,0.00240810796767559,0.0709546881621892,0.269144760545626,0.464926724961387,0.407219543076851,0.503302131628692,1016
20,0,0.00448839986748983,0.107775591455294,0.340234417622234,0.568204843921685,0.436462337145878,0.600207253536909,1016
40,0,0.00715488075239419,0.0954449173623788,0.330159952711475,0.557720107308178,0.43539214534993,0.548566103682928,1016
80,0,0.0777017902910662,0.552195116858872,0.456796776794562,0.283696646439186,0.161402975665327,0.595490310746185,1016
0,0,0.0061094676166406,0.0878440295409536,0.277023478698919,0.460093460240243,0.399085845002965,0.440376819069665,1016
20,0,0.00457814284185837,0.0870346387842986,0.250581938245355,0.409551094864552,0.378759568725617,0.489702781659756,1016
40,0,0.08800452029816,0.391199708962034,0.356631265500228,0.234058301740262,0.191586979464343,0.459560185146668,1016
80,0,0.103131779934665,0.520741941246392,0.475233849056911,0.326593976932765,0.182841079331401,0.576469949000649,1016
0,0,0.123642106729986,0.00264761308322787,0.292671704619859,0.459053689426505,0.389785562104328,0.555806890753777,1017
20,0,0.13534367868336,0.0187196583019426,0.25433041307824,0.354597489171177,0.335598888602658,0.412398593136956,1017
40,0,0.154584883986251,0.0729456237177699,0.333275080869272,0.439019654034523,0.336522129981263,0.501205778373592,1017
60,0,0.221886503560004,0.0669151516466583,0.535893206541449,0.782984757876236,0.450574065654083,0.9202676568212,1017
0,0,0.176434435573959,0.0415704756360635,0.287071636447307,0.356138361684591,0.318623846178724,0.49679595632932,1017
20,0,0.21968243081778,0.0700445871775262,0.307044837377247,0.324362656759187,0.283107221401625,0.423617013565499,1017
40,0,0.0546115818683584,0.0783305360096136,0.235161183524007,0.337380249170042,0.334803371701891,0.434659325766091,1017
60,0,0.0418535847723344,0.197142194528674,0.280401705798988,0.321807632296968,0.297916790274278,0.400749092276239,1017
0,0,0.0860119734175908,0.0972830432688516,0.464891207524602,0.746487398362762,0.475363732370459,0.932163862736882,1017
20,0,0.0785170726229644,0.0575481317340929,0.193835758637657,0.251606312918257,0.291105488175595,0.322117723705899,1017
40,0,0.0679135817868522,0.283516514670258,0.333516261969765,0.315602427482419,0.263119518473685,0.510869743842059,1017
80,0,0.0852881849726808,0.336851611605302,0.415853474937323,0.409567153296663,0.279849660224188,0.416085713213238,1017
0,0,0.167916544068896,0.060595822283038,0.232491598907192,0.236470831462451,0.259187927368004,0.332526054382295,1017
20,0,0.0607350269819438,0.246286199427706,0.30752142581953,0.308021625229411,0.268828614334623,0.457056299698728,1017
40,0,0.0760277315915041,0.320775646569541,0.353144132701847,0.309484887242648,0.247654179239298,0.447489486388039,1017
80,0,0.0413214987280728,0.361653159429955,0.344080383536918,0.285186108915808,0.228555032114659,0.482215570529475,1017
0,0,0.149196600432091,0.197892295497601,0.30311127593174,0.259133655933789,0.240142849112168,0.410226715106247,1018
20,0,0.15450076200212,0.129230086054922,0.298548484341776,0.31336612062651,0.281233599886596,0.424167760157558,1018
40,0,0.137062641956829,0.00643832097074551,0.1845263303839,0.225551697840226,0.275134154204989,0.247143337865521,1018
60,1,0.0939436904004277,0.0454430149858158,0.271346807471955,0.403306909557667,0.357911951111891,0.476482205889635,1018
0,0,0.118116531209945,0.156523661842921,0.292484421709964,0.310328650367061,0.28301577998826,0.441936205354846,1018
20,1,0.132649497829874,0.0319449894000104,0.23267809205553,0.300761696881176,0.308614378884499,0.312233012779958,1018
40,1,0.153160630901676,0.0578566275243509,0.342701926903686,0.474386595381346,0.367191863030765,0.554379381722486,1018
60,1,0.153160630901676,0.0713604555057908,0.345535320465611,0.466549554523756,0.359983615490924,0.5514166064672,1018
0,1,0.148378255819909,0.0318341543626313,0.193350326419006,0.206488242655471,0.251095296087333,0.318150999278964,1018
20,1,0.170126669100273,0.0702952060981415,0.349708801580992,0.45899572796357,0.351783922188954,0.550184941597108,1018
40,1,0.158468765693327,0.0402661666059137,0.26003241590854,0.321329899517839,0.309041317155692,0.485267722721426,1018
80,1,0.239533222874827,0.0429867205589394,0.350223076650546,0.417926209867325,0.324343575017764,0.47615611937849,1018
0,1,0.184923110953087,0.425313279893565,0.529055430374735,0.447874469902819,0.22846351677774,0.74717343977166,1018
20,1,0.0304536416651611,0.26646654880349,0.286978824410486,0.277037458352322,0.262121905337201,0.454395858557613,1018
40,1,0.200095848001809,0.117131249864657,0.365452689589795,0.413678281313125,0.311539221782416,0.521475772890354,1018
80,1,0.0127992017391174,0.374832088598363,0.232727046219691,0.0778228021019023,0.111218655857671,0.316150132159456,1018
0,0,0.367495220416612,0.0252474423139806,0.399624564241898,0.406506465753203,0.283373892422597,0.583953559992785,1019
20,0,0.181308863808033,0.0271005692142458,0.269493006905834,0.330576580789389,0.310999112395292,0.435573821286869,1019
40,0,0.0282457629678621,0.281787940303117,0.314603938905549,0.319174174540118,0.276219426069097,0.451986129117051,1019
60,0,0.027397857914027,0.296020323692625,0.360368119252004,0.397318056897357,0.304660403278971,0.522380260477807,1019
0,0,0.0468942087107847,0.200525462745368,0.344762633887226,0.442105596318298,0.346665772506705,0.562192213560277,1019
20,0,0.0370082515872756,0.255993655376649,0.296133878068379,0.299265849172833,0.272916376176126,0.453876639567988,1019
40,0,0.0478505602172429,0.268614443792943,0.325366092384968,0.334267180759751,0.281076353160154,0.540114817898818,1019
60,0,0.207623382169605,0.0958767836822792,0.342844065904226,0.382187965956568,0.305524002648396,0.532711656953732,1019
0,1,0.0421122689911906,0.231604327196803,0.205208376143768,0.136700156099542,0.192836187180023,0.333246148873227,1019
20,1,0.0335796593464008,0.28847516788835,0.298205029459482,0.274355231684213,0.253153433415582,0.493271710735564,1019
40,1,0.0662389222153889,0.393895999645621,0.341654128541609,0.223173335222208,0.189617997526044,0.408038193709739,1019
80,1,0.260327303497617,0.103626198406978,0.24998167287328,0.136009843841967,0.170568283457045,0.285381992657506,1019
0,2,0.114283966824555,0.322229813052124,0.329601404199121,0.222689028521563,0.197391333690539,0.38902042339474,1019
20,2,0.299166787803434,0.0241951365509597,0.243808563641446,0.164255202928498,0.197791778437416,0.366174796289996,1019
40,2,0.270718794614779,0.101596209097724,0.313364063674914,0.254413123637325,0.230006354395344,0.471988606501715,1019
80,3,0.0763018242385603,0.37533521845579,0.329079836288932,0.206522629883514,0.187296987537786,0.506102888590623,1019
0,0,0.26168305310867,0.173815593829205,0.275732012675958,0.11596537841404,0.151725721464463,0.541697596199736,1020
20,0,0.265225629154049,0.254172398250357,0.328567127838161,0.137736228271916,0.132772330019563,0.371491892469022,1020
40,0,0.0185848011990009,0.402581739975707,0.354035214347288,0.286903887519868,0.223772186795123,0.467864441482668,1020
60,0,0.265745078432512,0.337281876153356,0.407290452627886,0.211553950669903,0.144618828819541,0.448017222574029,1020
0,0,0.017177357309051,0.336683626145352,0.318925573795707,0.283990164137011,0.249402154896375,0.505997174315683,1020
20,0,0.0176347796746401,0.0230170031784228,0.110378324684805,0.180104866516547,0.270817205997244,0.219732694130112,1020
40,0,0.0281842596454046,0.337594568990853,0.301971930355701,0.238165032075145,0.225466486023059,0.445032419077398,1020
60,0,0.312778452404278,0.332573367342676,0.414622788564772,0.183893757382589,0.121883902888379,0.446138769585446,1020
0,0,0.0329519891833122,0.298067751104021,0.356746259789957,0.382472779292581,0.296530080340855,0.54310824226374,1020
20,0,0.0122459103869152,0.376034015418452,0.325650935158989,0.263021944512612,0.227677966238221,0.508080813988459,1020
40,0,0.358327224421877,0.342483564862716,0.439744102584464,0.178677415884335,0.100223574335036,0.423435035484486,1020
80,0,0.353934811449693,0.250623152761691,0.357481221409117,0.11040447860685,0.0944130974934009,0.221908706352104,1020
0,1,0.0208855740581736,0.358373452287944,0.339499341299928,0.29973965625374,0.248833018337972,0.509555267317573,1020
20,1,0.0332025194840147,0.557122186862085,0.44599309372348,0.301661481100861,0.174448514204181,0.596096015867568,1020
40,1,0.0270408826373852,0.37629770674895,0.368755189832894,0.334171790279453,0.256428292305853,0.497034032849011,1020
80,2,0.25661779179398,0.582843714040825,0.555604588666559,0.271747671498313,0.0655410119704376,0.517510876023451,1020
0,0,0.00176447848201674,0.00303858598794025,0.10173881460286,0.198674564735762,0.290313585280862,0.225552844948903,1021
20,0,0.0215685652027173,0.00427717763078881,0.300649918345557,0.575454093857608,0.466369975857553,0.566861092754276,1021
40,0,0.00176447848201674,0.00723238649141466,0.249947167969955,0.490897470966479,0.437366889468272,0.553065662523796,1021
60,0,0.0164256476568421,0.00679811849021621,0.268694009446339,0.514164252745621,0.442703496181449,0.536107361492688,1021
0,0,0.0211414557389161,0.00159610367079518,0.201974652086319,0.381211744762926,0.384663808494089,0.449630807237221,1021
20,0,0.020187095108958,0.00749279536758703,0.197883295888254,0.368086701299963,0.377358190949697,0.462721742446231,1021
40,0,0.0236000879291308,0.00611608099017908,0.266405053886941,0.503093938854572,0.436367202529724,0.464377893720669,1021
60,0,0.0549944959319758,0.0113654236671497,0.293203431531851,0.520046943464576,0.431787641478197,0.562197850956067,1021
0,0,0.0316824236015553,0.00693224901077938,0.134402270016976,0.230189867421618,0.301887200478432,0.22919397675123,1021
20,0,0.0534072732823034,0.00919078287279349,0.235736876791182,0.408875697427266,0.386418883525004,0.466863872048889,1021
40,0,0.00614455688021554,0.0120130842721402,0.304248983921799,0.590340326691242,0.474591682901647,0.502142336985591,1021
80,1,0.0051230983096192,0.0140955298919791,0.22643418047735,0.433649732753102,0.409523414483897,0.454220599000383,1021
0,0,0.00773909687693428,0.00702573361821465,0.153839629113292,0.292914427731435,0.342728523548836,0.297364261112541,1021
20,0,0.00711989884344193,0.0120009905418418,0.240948931078625,0.462776972771966,0.422338996943233,0.515096146212665,1021
40,1,0.00649018492638383,0.0104103965312364,0.226358115340663,0.435815649223705,0.411241343239554,0.455256670426561,1021
80,1,0.0139359820355662,0.363424854073257,0.380583634302726,0.38380643249663,0.282062227227799,0.513444249319424,1021
0,0,0.244715389904358,0.151674236560684,0.340160690008426,0.28393175355181,0.234160729412759,0.48964702682976,1022
20,1,0.182327382996164,0.202788838668062,0.325992177201809,0.266868132739391,0.232150844598752,0.489174604218682,1022
40,1,0.170952428625592,0.297644822042399,0.248533685795509,0.0284701209230266,0.0869292464764023,0.221107792296046,1022
60,1,0.244715389904358,0.34045562956368,0.386845070469379,0.18851912147072,0.140617262070013,0.452898367056216,1022
0,1,0.193179465737851,0.199554853554478,0.26471408613971,0.13669385298709,0.142323592457288,0.280906396795871,1022
20,1,0.515594473049434,0.246914278715054,0.519653914123707,0.276799076482927,0.110701505513673,0.584003072286233,1022
40,1,0.302447613065479,0.342260229876423,0.413388270169414,0.182068697396926,0.11982694498199,0.485403344775779,1022
60,1,0.281815847127141,0.320009605290047,0.398112606965889,0.19439976151459,0.136767537065682,0.453758616118176,1022
0,0,0.328399919733527,0.33029679543141,0.411048230338771,0.163399745512605,0.106080972634212,0.466513565167909,1022
20,0,0.312310956248419,0.360580848892023,0.393042890896629,0.113193976652815,0.0808203434471753,0.272254992033427,1022
40,0,0.296868139501094,0.351741939505601,0.394371597252496,0.140133115498297,0.102656868359343,0.46860009329042,1022
80,0,0.323201608203228,0.337831641547725,0.421873375254593,0.182713500758232,0.113038363303716,0.438890879907993,1022
0,0,0.340331505675452,0.402187926081705,0.435454484310309,0.128389536863463,0.0696933878316909,0.415721616993862,1022
20,0,0.330729750148316,0.298025248439538,0.400170527080974,0.171586055574095,0.12086701029735,0.397799633182692,1022
40,0,0.332093154349873,0.427920660077606,0.465486987190711,0.170960159953944,0.0822792740472624,0.488658243427969,1022
80,0,0.388399936814138,0.400798434743236,0.451067989158679,0.112937606759983,0.0480313254053037,0.370442838219276,1022
0,0,0.21289362407069,0.104400825497803,0.201928276228469,0.086562102888445,0.146764904639112,0.360840702651773,1023
20,0,0.242309018907446,0.120190094087515,0.334279231939117,0.306059350883273,0.255722901046961,0.904905790099527,1023
40,0,0.223819651645826,0.204381888042513,0.257076525999208,0.0859515123100777,0.123663247647367,0.195198743048089,1023
60,0,0.160358896635938,0.202562058282326,0.298329620247941,0.233738285577619,0.222464818396593,0.45968795137622,1023
0,0,0.270273099220734,0.181911412934539,0.346195978686695,0.240207445218118,0.201245986492065,0.380166945748681,1023
20,0,0.256566161785665,0.151095242838099,0.236975703382124,0.0662900021404836,0.114431505774009,0.259669251571975,1023
40,0,0.222891297742763,0.218283424294524,0.269635329506457,0.0980959369756277,0.130146566627209,0.267694588205827,1023
60,0,0.272691814439312,0.303297477170763,0.353813841612227,0.131638391614379,0.116624635721191,0.288089256258983,1023
0,0,0.345298026102322,0.16713645618785,0.364610897161341,0.216787312032511,0.171121508567006,0.489445556716028,1023
20,0,0.319404773512665,0.25023466324305,0.417219199580368,0.264798962405022,0.174938445698939,0.467663218563988,1023
40,0,0.231555090256738,0.524636654222094,0.544655638112978,0.333119531747125,0.135131315047131,0.67758916415599,1023
80,0,0.240307904114144,0.333255615076088,0.364705545675787,0.15584757216134,0.130478231555704,0.374685965454986,1023
0,0,0.321830374000849,0.203406132111105,0.34813428444284,0.171032062773727,0.150804415505208,0.348393954635874,1023
20,0,0.280029208038492,0.305347815088801,0.338129189489622,0.0908813558519509,0.0928433428670589,0.276554519078169,1023
40,0,0.249584878826099,0.261542932353096,0.355611083919851,0.200094356660507,0.167737339175603,0.360715741209384,1023
80,0,0.217469257048738,0.43523154642261,0.408064816996567,0.163428830521786,0.111338060506951,0.416382575955813,1023
0,0,0.181671985449229,0.00382228920177724,0.264660792435071,0.343827310219135,0.32267689000077,0.488687699949142,1024
20,0,0.00938934655524418,0.0792050018341157,0.159333257182729,0.230072165976099,0.291509499149067,0.545977205408581,1024
40,0,0.0138397288961225,0.0714070830139371,0.23395908342969,0.382671354949321,0.368377457122705,0.387489192215306,1024
60,0,0.265878574512281,0.0276842013489134,0.356375205795547,0.4191876357299,0.329610348932287,0.824762824046293,1024
0,0,0.0678176224020686,0.0222037975030112,0.328569756965754,0.567118094026428,0.442987572992218,0.537608488289183,1024
20,0,0.394113172901012,0.0101756650420315,0.506561539014056,0.608834240085068,0.353269898909992,0.854955529353374,1024
40,0,0.0433089080610968,0.106608313864071,0.330709019946647,0.511500817968127,0.40345956465001,0.581232733259937,1024
60,0,0.0467577850420109,0.223052166164543,0.28974959969392,0.309689248181287,0.282380428923725,0.416725386929582,1024
0,0,0.0475589538515425,0.0689831558541065,0.409928453441508,0.703314797177366,0.483526541535769,0.583881430396343,1024
20,0,0.0776480805090678,0.326479479731407,0.267821289358497,0.131515018476519,0.149826362089654,0.307632948932794,1024
40,0,0.0422662076913911,0.245015415787764,0.363163704353204,0.439045785227253,0.332477764617521,0.56960215311914,1024
80,0,0.0462885841642551,0.312901321087787,0.376300542497058,0.393411179742075,0.29291675524478,0.519002762684922,1024
0,0,0.093689078984635,0.22971171051907,0.321091690877107,0.318782592250509,0.273264989851366,0.507510881638904,1024
20,0,0.0910571994924268,0.180413065682772,0.330958331438714,0.390446397702229,0.318072971137233,0.514908255316031,1024
40,0,0.0935312859804453,0.282200082884929,0.381457626037479,0.387183883209583,0.285307114088548,0.50947931698938,1024
80,0,0.241551885435996,0.367521972287067,0.368054481542695,0.127035105362327,0.101705733307832,0.270006681672703,1024
0,0,0.0797672063381662,0.0216421557277445,0.294018960573659,0.486628559081408,0.408963018420627,0.982988992759853,1025
20,0,0.0797672063381662,0.02419267720868,0.292031546425502,0.480103209304158,0.406465851723176,0.522210235486383,1025
40,0,0.104715188592279,0.0313326317300262,0.325415657087997,0.514783493853689,0.408934883018632,0.54745007798636,1025
60,0,0.0797672063381662,0.0372836048615817,0.292023831393677,0.466996851587605,0.397909536619033,0.520141222700146,1025
0,0,0.319525281122041,0.0284836470033246,0.314725122111296,0.281441316097227,0.245423062202278,0.448029265229765,1025
20,0,0.0860282111700148,0.0361119381738084,0.266804517635685,0.411468885927546,0.371252686233145,0.44662796738349,1025
40,0,0.177365279504558,0.0369332212479688,0.325861833941497,0.437425167130467,0.353717882464798,0.507421158511606,1025
60,0,0.0208522980544703,0.300502900398027,0.310130048224474,0.298904897996449,0.264295163764222,0.463516964368672,1025
0,0,0.378390345195013,0.0232105926802663,0.32810807193644,0.254615205997601,0.222826222618129,0.459206503644156,1025
20,0,0.0300599248845419,0.211460887786754,0.357411184619983,0.473301556568671,0.360374142240713,0.552074955907733,1025
40,0,0.372658457068211,0.0750706601455986,0.366150160886539,0.284571204559267,0.221962041704837,0.426203514993138,1025
80,0,0.337552397716131,0.22399779701719,0.579011725259177,0.596473255785033,0.295980397805484,0.869819510952858,1025
0,0,0.379356364482913,0.0674562449476862,0.374222188186324,0.301631766942049,0.228013071299061,0.444119062291445,1025
20,0,0.382952309826466,0.0515540251875742,0.349347133422264,0.264187931830488,0.217975711569816,0.472899130572366,1025
40,0,0.343415235866669,0.131753377570054,0.387840075807417,0.300511538178112,0.21975862100786,0.511689738659774,1025
80,0,0.0347312081106833,0.478503935312426,0.398122419754974,0.283009696086839,0.198398122185894,0.498972932550076,1025
0,0,0.0139686403025956,0.00376998378124781,0.29310701344422,0.568475402804597,0.466239861144025,0.536047111498006,1026
20,0,0.00504407762042462,0.310329526659447,0.345208223605191,0.37504284293051,0.297360147856349,0.531785980320502,1026
40,0,0.00314636509829081,0.259760127090294,0.324448937383503,0.385991382578422,0.317309394321422,0.49165396207601,1026
60,0,0.00924556674547717,0.216760979393926,0.33115931753024,0.436312088921077,0.35070575360326,0.453667071174689,1026
0,0,0.20912870513474,0.0985287794973538,0.30192501306861,0.296192541505126,0.268002338492366,0.492652335729483,1026
20,0,0.0044631699807169,0.0111865419096094,0.263951086911646,0.512252461932966,0.444104084676235,0.568680880972168,1026
40,0,0.0518193262191162,0.2447536915083,0.292731231598821,0.288889445470227,0.267968730873413,0.434539766167555,1026
60,0,0.0350016585122877,0.506882075607054,0.482334868843,0.422786003566658,0.244969067322167,0.709985489934695,1026
0,0,0.0905645833896363,0.23935386569372,0.334719094200241,0.339519739317126,0.278989449800124,0.451602399556638,1026
20,0,0.00870576346954609,0.026904908307037,0.510623819031676,0.98563696628677,0.601689467075674,0.987204146343509,1026
40,0,0.110376261933717,0.00918959282416554,0.256167192700686,0.39276853064349,0.362519724695087,0.470667373586713,1026
80,1,0.233987698396667,0.268536472705218,0.395029329815227,0.287534488528569,0.207605145722078,0.485563705048063,1026
0,0,0.11667545782317,0.446104971103646,0.50907136823169,0.455362307536564,0.242230227847156,0.713503229971987,1026
20,1,0.0784473427491123,0.467376087881684,0.437867801917115,0.329912173203434,0.192793348933215,0.579489498672333,1026
40,1,0.229579302375735,0.240035544483788,0.310647586851702,0.151680326843881,0.155487929782844,0.405740032390246,1026
80,2,0.235374979229873,0.364641409633584,0.438239967237583,0.276463545611708,0.169454996459892,0.512046589680835,1026
0,0,0.0463292915097668,0.0807497904731892,0.238487106290477,0.349895130597997,0.340958188396967,0.827069352341628,1027
20,0,0.0492389022328345,0.0683820793630712,0.167526265431699,0.217431549267492,0.279801058939513,0.564207311935028,1027
40,0,0.0412897403090436,0.180273612789611,0.321730305472893,0.421897257847132,0.344521004712146,0.485891698756424,1027
60,0,0.172198413036378,0.0428880244420057,0.309794695762312,0.40450295404624,0.34068253043385,0.545670905292564,1027
0,0,0.0765135726892641,0.0822316318834405,0.312495006381701,0.466244808190697,0.381846970095179,0.502930570327404,1027
20,0,0.0842960978200038,0.206580622389976,0.34679670188922,0.40271668356846,0.317597732266553,0.479920701141619,1027
40,0,0.281623532599982,0.310376576107479,0.386624556306351,0.18124900390524,0.135197891917243,0.394081518093882,1027
60,0,0.20802157508865,0.264151066573555,0.390428871738375,0.308685101814545,0.223783016585144,0.498919880135889,1027
0,0,0.101288462379852,0.244990407424433,0.29860463728253,0.250930404760775,0.236638377363502,0.450699435476923,1027
20,0,0.158691832423719,0.268665732063129,0.361039671130689,0.294721777774529,0.231738737842662,0.52835843099529,1027
40,0,0.178913501825613,0.327605020796347,0.376630477140128,0.246742431658295,0.186638682387722,0.463047135377826,1027
80,0,0.179642770730755,0.207359938787438,0.244870678518343,0.102738647518494,0.147974483328001,0.274156759677929,1027
0,0,0.23707911893357,0.341806739211255,0.385772136746854,0.192658415348883,0.142440651546393,0.440901945022444,1027
20,0,0.1546936347184,0.318237982863168,0.347530799279843,0.222129980978119,0.188148144695049,0.431947485892723,1027
40,0,0.18753451770336,0.500973960463746,0.493580480836761,0.298652483506416,0.1469596764589,0.609577728182971,1027
80,0,0.165217117006399,0.413195023976155,0.394854905585318,0.211297670188083,0.152118668986044,0.449023961756842,1027
0,0,0.0191043341555844,0.0220758735048425,0.285402444353956,0.529624681047485,0.443647708495108,0.554751341579981,1028
20,0,0.0191043341555844,0.0361795881926273,0.288748936438938,0.522213950529664,0.436440164794469,0.553031533653256,1028
40,1,0.0500559652169669,0.177939794415514,0.498641619725114,0.769287479817747,0.467910376628804,0.971356420219501,1028
60,1,0.0459911943512282,0.257094508714054,0.354524362090221,0.40596302111516,0.313985390628855,0.538705133226052,1028
0,1,0.0641187428437843,0.0973244180459113,0.473914723173164,0.786386285456632,0.495893625916522,0.965367953160231,1028
20,1,0.0267861799336505,0.180125837249372,0.263251519580796,0.319591021978569,0.306152170139999,0.39900371782441,1028
40,1,0.0632896167662091,0.283069810836131,0.306344037494887,0.266328647387435,0.24300577919648,0.475892793441424,1028
60,1,0.0475881312927549,0.370725261450233,0.36652969458769,0.314745996432392,0.232661615962295,0.455866960793395,1028
0,1,0.224231250917711,0.520270251067407,0.547802063437312,0.351102624889507,0.146824163647715,0.709550722604497,1028
20,1,0.130825388831128,0.38456397936603,0.390350086472658,0.265310804748157,0.194184822458613,0.46324040532998,1028
40,1,0.112817220891686,0.28874138751913,0.320255125233187,0.238951642055558,0.214885291476523,0.482738625037072,1028
80,2,0.352269461069582,0.263572989679976,0.393169561826695,0.170496672903832,0.119169132266988,0.401904138429693,1028
0,0,0.219606611542193,0.224481292855186,0.325805260367008,0.207522616336637,0.189104651525839,0.453609286998384,1028
20,1,0.287502378249109,0.320162304683713,0.347059685629787,0.0864546883267523,0.0839562709117685,0.300380892317463,1028
40,1,0.360843481702776,0.295563720175595,0.424900812711855,0.193394423545338,0.122443408181161,0.450261404185234,1028
80,2,0.22290300093011,0.306102349039272,0.357137728445439,0.185270106921497,0.153456959355907,0.439487960786863,1028
0,0,0.18411695760821,0.197012330454786,0.27293957690349,0.164749865743984,0.167928625410838,0.53068531037361,1029
20,0,0.151933429366946,0.355908309845383,0.364078777775747,0.220315816339165,0.173127934308969,0.438150326571855,1029
40,0,0.177356448334933,0.225403911559832,0.333464660967269,0.264168962039773,0.218433890326086,0.406612999811188,1029
60,0,0.221349302306424,0.169645424168366,0.367313965429645,0.343633204384499,0.26149982737198,0.514470816479945,1029
0,0,0.212904444517007,0.232473478667646,0.374441798989071,0.30350567479349,0.229554866360732,0.514746384376317,1029
20,0,0.284583307706166,0.126439618187471,0.36919303251188,0.327363139130124,0.248655306103674,0.504779255843357,1029
40,0,0.196486473268369,0.149684577373765,0.323358242896564,0.300545435150994,0.257568028484719,0.438399502979259,1029
60,0,0.249761152081133,0.136607521982963,0.318453837832722,0.250539001601347,0.224502106444783,0.417770752984895,1029
0,0,0.363690738934113,0.236589419428507,0.38990177183464,0.17952338530666,0.132629738492161,0.405468814990088,1029
20,0,0.336120102429748,0.260995173803909,0.414459126480957,0.231802976728257,0.155172102143551,0.480555952910347,1029
40,0,0.363975362544982,0.24199778038543,0.355800768006531,0.105628393082651,0.0934222179414925,0.275835002877031,1029
80,0,0.334282892043599,0.328888245950113,0.420489494546146,0.17780785109858,0.112629040174914,0.437696024991342,1029
0,0,0.300252151938318,0.226963421065632,0.331994477046999,0.136773381090048,0.133457930725906,0.374512001340157,1029
20,0,0.389603697733016,0.253303744462396,0.396531479020907,0.150155515846402,0.102615690904275,0.383494467980829,1029
40,0,0.375977624961298,0.311898654153992,0.414184073108108,0.140491867100925,0.0914493309251056,0.429190975637291,1029
80,0,0.388641351759117,0.397910203269048,0.465639664684639,0.144727774341114,0.0637105675774014,0.394016463153434,1029
0,0,0.00152813949771287,0.0775057979599353,0.290703739785348,0.502373542113048,0.421105421907154,0.858225716006984,1030
20,0,0.00145419273620018,0.284672467326535,0.474971579375253,0.66381649868777,0.410344709476112,0.877714584410085,1030
40,0,0.00174982922048748,0.0703335925454371,0.169030450455221,0.265977479144518,0.313334754846757,0.566251448814196,1030
60,0,0.00154938815722461,0.268358965232919,0.372970332333137,0.47603231127613,0.351889718271453,0.533948856606795,1030
0,0,0.0416886449559667,0.379287602132372,0.444134779353998,0.467293311619657,0.299130142014853,0.712986352812688,1030
20,0,0.0317855433067108,0.185180864683804,0.285538663873902,0.354110919757288,0.319169843902442,0.460626154830782,1030
40,0,0.0347974699579936,0.24115156495609,0.354312318136293,0.432675601358503,0.334296987273273,0.51229358448076,1030
60,0,0.00520471860618474,0.025712775385109,0.254346702282783,0.477775910574271,0.425006909898948,0.472704265289167,1030
0,0,0.0763251980561554,0.182448757871834,0.262717133281582,0.266660310635175,0.266429849634305,0.395846372957009,1030
20,0,0.0450972226601292,0.263232339668598,0.338142804220119,0.36795604611151,0.298209107316305,0.532799860296945,1030
40,0,0.207649725515061,0.288032037935136,0.35758957201804,0.219497380585884,0.178702205897236,0.418955288711602,1030
80,0,0.17367893079065,0.0868120751240603,0.352923284200487,0.445355562486265,0.34323457383055,0.52816804699002,1030
0,2,0.208358866721549,0.222278248067821,0.329497239688077,0.228357364586784,0.202520159499693,0.403583261263772,1030
20,2,0.256517768837841,0.27866848939398,0.378199762237267,0.221213266242714,0.169641275319064,0.473002890979348,1030
40,2,0.228342415408324,0.0601396333711433,0.241395730814199,0.194309412848931,0.222521457685063,0.304137852595477,1030
80,2,0.159398700355584,0.0621914427275599,0.297918768424284,0.374247393765423,0.325823921919405,0.428601012079266,1030
